id,Number_of_estimators,Criterion,Max_samples,Max_depth,Accuracy_mean,Accuracy_std,Precision_mean_D0,Precision_std_D0,Recall_mean_D0,Recall_std_D0,F1_score_mean_D0,F1_score_std_D0,Precision_mean_D1,Precision_std_D1,Recall_mean_D1,Recall_std_D1,F1_score_mean_D1,F1_score_std_D1,Precision_mean_D2,Precision_std_D2,Recall_mean_D2,Recall_std_D2,F1_score_mean_D2,F1_score_std_D2,Precision_mean_D3,Precision_std_D3,Recall_mean_D3,Recall_std_D3,F1_score_mean_D3,F1_score_std_D3,Precision_mean_D4,Precision_std_D4,Recall_mean_D4,Recall_std_D4,F1_score_mean_D4,F1_score_std_D4,Precision_mean_D5,Precision_std_D5,Recall_mean_D5,Recall_std_D5,F1_score_mean_D5,F1_score_std_D5,Precision_mean_D6,Precision_std_D6,Recall_mean_D6,Recall_std_D6,F1_score_mean_D6,F1_score_std_D6
0,10,gini,0.2,3.0,0.6289817232375979,0.027593600449830624,0.6248638246273786,0.04581469765848599,0.6257905351678903,0.03271638949642354,0.5977698564557159,0.0370010568375131,0.6248638246273786,0.04581469765848599,0.6257905351678903,0.03271638949642354,0.5977698564557159,0.0370010568375131,0.6248638246273786,0.04581469765848599,0.6257905351678903,0.03271638949642354,0.5977698564557159,0.0370010568375131,0.6248638246273786,0.04581469765848599,0.6257905351678903,0.03271638949642354,0.5977698564557159,0.0370010568375131,0.6248638246273786,0.04581469765848599,0.6257905351678903,0.03271638949642354,0.5977698564557159,0.0370010568375131,0.6248638246273786,0.04581469765848599,0.6257905351678903,0.03271638949642354,0.5977698564557159,0.0370010568375131,0.6248638246273786,0.04581469765848599,0.6257905351678903,0.03271638949642354,0.5977698564557159,0.0370010568375131
1,10,gini,0.2,6.0,0.7569190600522193,0.01927345747672123,0.7521168292691041,0.015545428132794808,0.7511228826081905,0.0184047011585411,0.74609556856785,0.01842266457402143,0.7521168292691041,0.015545428132794808,0.7511228826081905,0.0184047011585411,0.74609556856785,0.01842266457402143,0.7521168292691041,0.015545428132794808,0.7511228826081905,0.0184047011585411,0.74609556856785,0.01842266457402143,0.7521168292691041,0.015545428132794808,0.7511228826081905,0.0184047011585411,0.74609556856785,0.01842266457402143,0.7521168292691041,0.015545428132794808,0.7511228826081905,0.0184047011585411,0.74609556856785,0.01842266457402143,0.7521168292691041,0.015545428132794808,0.7511228826081905,0.0184047011585411,0.74609556856785,0.01842266457402143,0.7521168292691041,0.015545428132794808,0.7511228826081905,0.0184047011585411,0.74609556856785,0.01842266457402143
2,10,gini,0.2,9.0,0.7913838120104438,0.012215861686986528,0.7863016963776335,0.014103736259608453,0.7869833182265481,0.013954871161301391,0.7838466567748464,0.013591556175158066,0.7863016963776335,0.014103736259608453,0.7869833182265481,0.013954871161301391,0.7838466567748464,0.013591556175158066,0.7863016963776335,0.014103736259608453,0.7869833182265481,0.013954871161301391,0.7838466567748464,0.013591556175158066,0.7863016963776335,0.014103736259608453,0.7869833182265481,0.013954871161301391,0.7838466567748464,0.013591556175158066,0.7863016963776335,0.014103736259608453,0.7869833182265481,0.013954871161301391,0.7838466567748464,0.013591556175158066,0.7863016963776335,0.014103736259608453,0.7869833182265481,0.013954871161301391,0.7838466567748464,0.013591556175158066,0.7863016963776335,0.014103736259608453,0.7869833182265481,0.013954871161301391,0.7838466567748464,0.013591556175158066
3,10,gini,0.2,12.0,0.8138381201044387,0.00984233776760876,0.8091922860247969,0.01515289304064972,0.8094958101586822,0.014109230255338901,0.8071674851677038,0.014146630286678522,0.8091922860247969,0.01515289304064972,0.8094958101586822,0.014109230255338901,0.8071674851677038,0.014146630286678522,0.8091922860247969,0.01515289304064972,0.8094958101586822,0.014109230255338901,0.8071674851677038,0.014146630286678522,0.8091922860247969,0.01515289304064972,0.8094958101586822,0.014109230255338901,0.8071674851677038,0.014146630286678522,0.8091922860247969,0.01515289304064972,0.8094958101586822,0.014109230255338901,0.8071674851677038,0.014146630286678522,0.8091922860247969,0.01515289304064972,0.8094958101586822,0.014109230255338901,0.8071674851677038,0.014146630286678522,0.8091922860247969,0.01515289304064972,0.8094958101586822,0.014109230255338901,0.8071674851677038,0.014146630286678522
4,10,gini,0.6000000000000001,3.0,0.6321148825065274,0.044208674969729606,0.6324930554972339,0.032627072928978276,0.6308364819090042,0.03855413384512559,0.6054588508758194,0.0511492716214549,0.6324930554972339,0.032627072928978276,0.6308364819090042,0.03855413384512559,0.6054588508758194,0.0511492716214549,0.6324930554972339,0.032627072928978276,0.6308364819090042,0.03855413384512559,0.6054588508758194,0.0511492716214549,0.6324930554972339,0.032627072928978276,0.6308364819090042,0.03855413384512559,0.6054588508758194,0.0511492716214549,0.6324930554972339,0.032627072928978276,0.6308364819090042,0.03855413384512559,0.6054588508758194,0.0511492716214549,0.6324930554972339,0.032627072928978276,0.6308364819090042,0.03855413384512559,0.6054588508758194,0.0511492716214549,0.6324930554972339,0.032627072928978276,0.6308364819090042,0.03855413384512559,0.6054588508758194,0.0511492716214549
5,10,gini,0.6000000000000001,6.0,0.7772845953002612,0.017710358101422047,0.7731980150149802,0.0184236393461539,0.7742765241647954,0.01848830048231232,0.7702844916558149,0.018324210703585486,0.7731980150149802,0.0184236393461539,0.7742765241647954,0.01848830048231232,0.7702844916558149,0.018324210703585486,0.7731980150149802,0.0184236393461539,0.7742765241647954,0.01848830048231232,0.7702844916558149,0.018324210703585486,0.7731980150149802,0.0184236393461539,0.7742765241647954,0.01848830048231232,0.7702844916558149,0.018324210703585486,0.7731980150149802,0.0184236393461539,0.7742765241647954,0.01848830048231232,0.7702844916558149,0.018324210703585486,0.7731980150149802,0.0184236393461539,0.7742765241647954,0.01848830048231232,0.7702844916558149,0.018324210703585486,0.7731980150149802,0.0184236393461539,0.7742765241647954,0.01848830048231232,0.7702844916558149,0.018324210703585486
6,10,gini,0.6000000000000001,9.0,0.8323759791122715,0.017777592199007004,0.8299967765415783,0.021631892929278758,0.828324793853807,0.02180230975646324,0.8273801942060389,0.021557867036904262,0.8299967765415783,0.021631892929278758,0.828324793853807,0.02180230975646324,0.8273801942060389,0.021557867036904262,0.8299967765415783,0.021631892929278758,0.828324793853807,0.02180230975646324,0.8273801942060389,0.021557867036904262,0.8299967765415783,0.021631892929278758,0.828324793853807,0.02180230975646324,0.8273801942060389,0.021557867036904262,0.8299967765415783,0.021631892929278758,0.828324793853807,0.02180230975646324,0.8273801942060389,0.021557867036904262,0.8299967765415783,0.021631892929278758,0.828324793853807,0.02180230975646324,0.8273801942060389,0.021557867036904262,0.8299967765415783,0.021631892929278758,0.828324793853807,0.02180230975646324,0.8273801942060389,0.021557867036904262
7,10,gini,0.6000000000000001,12.0,0.8532637075718015,0.016669336500796203,0.8509481262884944,0.015784457066382984,0.8492729809216961,0.019180562375914093,0.8476392194203692,0.018383868444452413,0.8509481262884944,0.015784457066382984,0.8492729809216961,0.019180562375914093,0.8476392194203692,0.018383868444452413,0.8509481262884944,0.015784457066382984,0.8492729809216961,0.019180562375914093,0.8476392194203692,0.018383868444452413,0.8509481262884944,0.015784457066382984,0.8492729809216961,0.019180562375914093,0.8476392194203692,0.018383868444452413,0.8509481262884944,0.015784457066382984,0.8492729809216961,0.019180562375914093,0.8476392194203692,0.018383868444452413,0.8509481262884944,0.015784457066382984,0.8492729809216961,0.019180562375914093,0.8476392194203692,0.018383868444452413,0.8509481262884944,0.015784457066382984,0.8492729809216961,0.019180562375914093,0.8476392194203692,0.018383868444452413
8,10,gini,1.0,3.0,0.6331592689295039,0.04298589087457129,0.637355078122871,0.04550280124685407,0.6282311388090219,0.040829959868666534,0.6024323133155886,0.05319801528646652,0.637355078122871,0.04550280124685407,0.6282311388090219,0.040829959868666534,0.6024323133155886,0.05319801528646652,0.637355078122871,0.04550280124685407,0.6282311388090219,0.040829959868666534,0.6024323133155886,0.05319801528646652,0.637355078122871,0.04550280124685407,0.6282311388090219,0.040829959868666534,0.6024323133155886,0.05319801528646652,0.637355078122871,0.04550280124685407,0.6282311388090219,0.040829959868666534,0.6024323133155886,0.05319801528646652,0.637355078122871,0.04550280124685407,0.6282311388090219,0.040829959868666534,0.6024323133155886,0.05319801528646652,0.637355078122871,0.04550280124685407,0.6282311388090219,0.040829959868666534,0.6024323133155886,0.05319801528646652
9,10,gini,1.0,6.0,0.7859007832898172,0.020425699441888188,0.7825970672828203,0.02377744698162621,0.7836048285141615,0.02080715571767894,0.7799000581796124,0.021441208356945598,0.7825970672828203,0.02377744698162621,0.7836048285141615,0.02080715571767894,0.7799000581796124,0.021441208356945598,0.7825970672828203,0.02377744698162621,0.7836048285141615,0.02080715571767894,0.7799000581796124,0.021441208356945598,0.7825970672828203,0.02377744698162621,0.7836048285141615,0.02080715571767894,0.7799000581796124,0.021441208356945598,0.7825970672828203,0.02377744698162621,0.7836048285141615,0.02080715571767894,0.7799000581796124,0.021441208356945598,0.7825970672828203,0.02377744698162621,0.7836048285141615,0.02080715571767894,0.7799000581796124,0.021441208356945598,0.7825970672828203,0.02377744698162621,0.7836048285141615,0.02080715571767894,0.7799000581796124,0.021441208356945598
10,10,gini,1.0,9.0,0.8433420365535248,0.019008119815353844,0.839429987877794,0.02278367211069263,0.8396065435854612,0.020071271969310668,0.8381216081979768,0.022225007491490437,0.839429987877794,0.02278367211069263,0.8396065435854612,0.020071271969310668,0.8381216081979768,0.022225007491490437,0.839429987877794,0.02278367211069263,0.8396065435854612,0.020071271969310668,0.8381216081979768,0.022225007491490437,0.839429987877794,0.02278367211069263,0.8396065435854612,0.020071271969310668,0.8381216081979768,0.022225007491490437,0.839429987877794,0.02278367211069263,0.8396065435854612,0.020071271969310668,0.8381216081979768,0.022225007491490437,0.839429987877794,0.02278367211069263,0.8396065435854612,0.020071271969310668,0.8381216081979768,0.022225007491490437,0.839429987877794,0.02278367211069263,0.8396065435854612,0.020071271969310668,0.8381216081979768,0.022225007491490437
11,10,gini,1.0,12.0,0.8537859007832898,0.013716893510771471,0.8495609664763176,0.017195445979661567,0.8487141556783943,0.016304093082864894,0.8481960768685429,0.01720249271439061,0.8495609664763176,0.017195445979661567,0.8487141556783943,0.016304093082864894,0.8481960768685429,0.01720249271439061,0.8495609664763176,0.017195445979661567,0.8487141556783943,0.016304093082864894,0.8481960768685429,0.01720249271439061,0.8495609664763176,0.017195445979661567,0.8487141556783943,0.016304093082864894,0.8481960768685429,0.01720249271439061,0.8495609664763176,0.017195445979661567,0.8487141556783943,0.016304093082864894,0.8481960768685429,0.01720249271439061,0.8495609664763176,0.017195445979661567,0.8487141556783943,0.016304093082864894,0.8481960768685429,0.01720249271439061,0.8495609664763176,0.017195445979661567,0.8487141556783943,0.016304093082864894,0.8481960768685429,0.01720249271439061
12,10,entropy,0.2,3.0,0.6383812010443864,0.033725960849269467,0.6260776363920609,0.03767243562818045,0.6339036093935287,0.03276968674548859,0.6147171472041786,0.03756355407567683,0.6260776363920609,0.03767243562818045,0.6339036093935287,0.03276968674548859,0.6147171472041786,0.03756355407567683,0.6260776363920609,0.03767243562818045,0.6339036093935287,0.03276968674548859,0.6147171472041786,0.03756355407567683,0.6260776363920609,0.03767243562818045,0.6339036093935287,0.03276968674548859,0.6147171472041786,0.03756355407567683,0.6260776363920609,0.03767243562818045,0.6339036093935287,0.03276968674548859,0.6147171472041786,0.03756355407567683,0.6260776363920609,0.03767243562818045,0.6339036093935287,0.03276968674548859,0.6147171472041786,0.03756355407567683,0.6260776363920609,0.03767243562818045,0.6339036093935287,0.03276968674548859,0.6147171472041786,0.03756355407567683
13,10,entropy,0.2,6.0,0.7532637075718016,0.01989309415018324,0.7445815755929025,0.021487355829424428,0.7473016554756715,0.022093113920624532,0.7427336373366399,0.022454615747187795,0.7445815755929025,0.021487355829424428,0.7473016554756715,0.022093113920624532,0.7427336373366399,0.022454615747187795,0.7445815755929025,0.021487355829424428,0.7473016554756715,0.022093113920624532,0.7427336373366399,0.022454615747187795,0.7445815755929025,0.021487355829424428,0.7473016554756715,0.022093113920624532,0.7427336373366399,0.022454615747187795,0.7445815755929025,0.021487355829424428,0.7473016554756715,0.022093113920624532,0.7427336373366399,0.022454615747187795,0.7445815755929025,0.021487355829424428,0.7473016554756715,0.022093113920624532,0.7427336373366399,0.022454615747187795,0.7445815755929025,0.021487355829424428,0.7473016554756715,0.022093113920624532,0.7427336373366399,0.022454615747187795
14,10,entropy,0.2,9.0,0.8039164490861619,0.0187717383478002,0.7995496827792131,0.022882008674198005,0.7981409875686025,0.022800461810360523,0.7962405382836201,0.022840272157190183,0.7995496827792131,0.022882008674198005,0.7981409875686025,0.022800461810360523,0.7962405382836201,0.022840272157190183,0.7995496827792131,0.022882008674198005,0.7981409875686025,0.022800461810360523,0.7962405382836201,0.022840272157190183,0.7995496827792131,0.022882008674198005,0.7981409875686025,0.022800461810360523,0.7962405382836201,0.022840272157190183,0.7995496827792131,0.022882008674198005,0.7981409875686025,0.022800461810360523,0.7962405382836201,0.022840272157190183,0.7995496827792131,0.022882008674198005,0.7981409875686025,0.022800461810360523,0.7962405382836201,0.022840272157190183,0.7995496827792131,0.022882008674198005,0.7981409875686025,0.022800461810360523,0.7962405382836201,0.022840272157190183
15,10,entropy,0.2,12.0,0.8052219321148826,0.0135770234986945,0.7998541062934739,0.01667777456001314,0.8004389050774467,0.012618707215043082,0.7981935147006209,0.014278201933427315,0.7998541062934739,0.01667777456001314,0.8004389050774467,0.012618707215043082,0.7981935147006209,0.014278201933427315,0.7998541062934739,0.01667777456001314,0.8004389050774467,0.012618707215043082,0.7981935147006209,0.014278201933427315,0.7998541062934739,0.01667777456001314,0.8004389050774467,0.012618707215043082,0.7981935147006209,0.014278201933427315,0.7998541062934739,0.01667777456001314,0.8004389050774467,0.012618707215043082,0.7981935147006209,0.014278201933427315,0.7998541062934739,0.01667777456001314,0.8004389050774467,0.012618707215043082,0.7981935147006209,0.014278201933427315,0.7998541062934739,0.01667777456001314,0.8004389050774467,0.012618707215043082,0.7981935147006209,0.014278201933427315
16,10,entropy,0.6000000000000001,3.0,0.6315926892950392,0.03678498149455654,0.6301258120107794,0.032995391154416874,0.6334421294418054,0.03034871121779386,0.6071241593031853,0.04364371340068528,0.6301258120107794,0.032995391154416874,0.6334421294418054,0.03034871121779386,0.6071241593031853,0.04364371340068528,0.6301258120107794,0.032995391154416874,0.6334421294418054,0.03034871121779386,0.6071241593031853,0.04364371340068528,0.6301258120107794,0.032995391154416874,0.6334421294418054,0.03034871121779386,0.6071241593031853,0.04364371340068528,0.6301258120107794,0.032995391154416874,0.6334421294418054,0.03034871121779386,0.6071241593031853,0.04364371340068528,0.6301258120107794,0.032995391154416874,0.6334421294418054,0.03034871121779386,0.6071241593031853,0.04364371340068528,0.6301258120107794,0.032995391154416874,0.6334421294418054,0.03034871121779386,0.6071241593031853,0.04364371340068528
17,10,entropy,0.6000000000000001,6.0,0.7801566579634465,0.019980288741210432,0.773491085177163,0.02325556756661217,0.776193559091545,0.024009473476337997,0.7723389962822395,0.022815692140168316,0.773491085177163,0.02325556756661217,0.776193559091545,0.024009473476337997,0.7723389962822395,0.022815692140168316,0.773491085177163,0.02325556756661217,0.776193559091545,0.024009473476337997,0.7723389962822395,0.022815692140168316,0.773491085177163,0.02325556756661217,0.776193559091545,0.024009473476337997,0.7723389962822395,0.022815692140168316,0.773491085177163,0.02325556756661217,0.776193559091545,0.024009473476337997,0.7723389962822395,0.022815692140168316,0.773491085177163,0.02325556756661217,0.776193559091545,0.024009473476337997,0.7723389962822395,0.022815692140168316,0.773491085177163,0.02325556756661217,0.776193559091545,0.024009473476337997,0.7723389962822395,0.022815692140168316
18,10,entropy,0.6000000000000001,9.0,0.8381201044386423,0.010765288839732805,0.8350296602682897,0.014005184390846635,0.8352757858459805,0.013097235282446242,0.8329990837393387,0.012924411066985927,0.8350296602682897,0.014005184390846635,0.8352757858459805,0.013097235282446242,0.8329990837393387,0.012924411066985927,0.8350296602682897,0.014005184390846635,0.8352757858459805,0.013097235282446242,0.8329990837393387,0.012924411066985927,0.8350296602682897,0.014005184390846635,0.8352757858459805,0.013097235282446242,0.8329990837393387,0.012924411066985927,0.8350296602682897,0.014005184390846635,0.8352757858459805,0.013097235282446242,0.8329990837393387,0.012924411066985927,0.8350296602682897,0.014005184390846635,0.8352757858459805,0.013097235282446242,0.8329990837393387,0.012924411066985927,0.8350296602682897,0.014005184390846635,0.8352757858459805,0.013097235282446242,0.8329990837393387,0.012924411066985927
19,10,entropy,0.6000000000000001,12.0,0.8511749347258485,0.010637884484315081,0.8479094735449481,0.012002091771330218,0.8466020513011244,0.013287732512372785,0.8459406069503599,0.013133679144973348,0.8479094735449481,0.012002091771330218,0.8466020513011244,0.013287732512372785,0.8459406069503599,0.013133679144973348,0.8479094735449481,0.012002091771330218,0.8466020513011244,0.013287732512372785,0.8459406069503599,0.013133679144973348,0.8479094735449481,0.012002091771330218,0.8466020513011244,0.013287732512372785,0.8459406069503599,0.013133679144973348,0.8479094735449481,0.012002091771330218,0.8466020513011244,0.013287732512372785,0.8459406069503599,0.013133679144973348,0.8479094735449481,0.012002091771330218,0.8466020513011244,0.013287732512372785,0.8459406069503599,0.013133679144973348,0.8479094735449481,0.012002091771330218,0.8466020513011244,0.013287732512372785,0.8459406069503599,0.013133679144973348
20,10,entropy,1.0,3.0,0.6433420365535247,0.033399961134093756,0.6414017263849253,0.037560603654128305,0.642334238811676,0.02717361718791814,0.6216852670022072,0.03718942096623861,0.6414017263849253,0.037560603654128305,0.642334238811676,0.02717361718791814,0.6216852670022072,0.03718942096623861,0.6414017263849253,0.037560603654128305,0.642334238811676,0.02717361718791814,0.6216852670022072,0.03718942096623861,0.6414017263849253,0.037560603654128305,0.642334238811676,0.02717361718791814,0.6216852670022072,0.03718942096623861,0.6414017263849253,0.037560603654128305,0.642334238811676,0.02717361718791814,0.6216852670022072,0.03718942096623861,0.6414017263849253,0.037560603654128305,0.642334238811676,0.02717361718791814,0.6216852670022072,0.03718942096623861,0.6414017263849253,0.037560603654128305,0.642334238811676,0.02717361718791814,0.6216852670022072,0.03718942096623861
21,10,entropy,1.0,6.0,0.7929503916449085,0.013569489775651462,0.7884241819301616,0.01192829957368176,0.7889719202067399,0.013895010624936054,0.7864004002295901,0.012559186161547095,0.7884241819301616,0.01192829957368176,0.7889719202067399,0.013895010624936054,0.7864004002295901,0.012559186161547095,0.7884241819301616,0.01192829957368176,0.7889719202067399,0.013895010624936054,0.7864004002295901,0.012559186161547095,0.7884241819301616,0.01192829957368176,0.7889719202067399,0.013895010624936054,0.7864004002295901,0.012559186161547095,0.7884241819301616,0.01192829957368176,0.7889719202067399,0.013895010624936054,0.7864004002295901,0.012559186161547095,0.7884241819301616,0.01192829957368176,0.7889719202067399,0.013895010624936054,0.7864004002295901,0.012559186161547095,0.7884241819301616,0.01192829957368176,0.7889719202067399,0.013895010624936054,0.7864004002295901,0.012559186161547095
22,10,entropy,1.0,9.0,0.8409921671018277,0.01455833092370825,0.8372951086025795,0.015486968586475046,0.8364730609539409,0.015610160299205653,0.8353654245025185,0.015919018583190687,0.8372951086025795,0.015486968586475046,0.8364730609539409,0.015610160299205653,0.8353654245025185,0.015919018583190687,0.8372951086025795,0.015486968586475046,0.8364730609539409,0.015610160299205653,0.8353654245025185,0.015919018583190687,0.8372951086025795,0.015486968586475046,0.8364730609539409,0.015610160299205653,0.8353654245025185,0.015919018583190687,0.8372951086025795,0.015486968586475046,0.8364730609539409,0.015610160299205653,0.8353654245025185,0.015919018583190687,0.8372951086025795,0.015486968586475046,0.8364730609539409,0.015610160299205653,0.8353654245025185,0.015919018583190687,0.8372951086025795,0.015486968586475046,0.8364730609539409,0.015610160299205653,0.8353654245025185,0.015919018583190687
23,10,entropy,1.0,12.0,0.8582245430809399,0.007202670613124652,0.8552988080982283,0.008236417217116964,0.8542814992809854,0.007302531990181221,0.8538173068405532,0.00781624421171854,0.8552988080982283,0.008236417217116964,0.8542814992809854,0.007302531990181221,0.8538173068405532,0.00781624421171854,0.8552988080982283,0.008236417217116964,0.8542814992809854,0.007302531990181221,0.8538173068405532,0.00781624421171854,0.8552988080982283,0.008236417217116964,0.8542814992809854,0.007302531990181221,0.8538173068405532,0.00781624421171854,0.8552988080982283,0.008236417217116964,0.8542814992809854,0.007302531990181221,0.8538173068405532,0.00781624421171854,0.8552988080982283,0.008236417217116964,0.8542814992809854,0.007302531990181221,0.8538173068405532,0.00781624421171854,0.8552988080982283,0.008236417217116964,0.8542814992809854,0.007302531990181221,0.8538173068405532,0.00781624421171854
24,100,gini,0.2,3.0,0.6900783289817232,0.03200004942425402,0.691777476886138,0.028539994419676272,0.6875418343172681,0.027410254084943943,0.6706595873060294,0.032597173365827625,0.691777476886138,0.028539994419676272,0.6875418343172681,0.027410254084943943,0.6706595873060294,0.032597173365827625,0.691777476886138,0.028539994419676272,0.6875418343172681,0.027410254084943943,0.6706595873060294,0.032597173365827625,0.691777476886138,0.028539994419676272,0.6875418343172681,0.027410254084943943,0.6706595873060294,0.032597173365827625,0.691777476886138,0.028539994419676272,0.6875418343172681,0.027410254084943943,0.6706595873060294,0.032597173365827625,0.691777476886138,0.028539994419676272,0.6875418343172681,0.027410254084943943,0.6706595873060294,0.032597173365827625,0.691777476886138,0.028539994419676272,0.6875418343172681,0.027410254084943943,0.6706595873060294,0.032597173365827625
25,100,gini,0.2,6.0,0.8096605744125327,0.014698138845992229,0.8050914717365647,0.014945448172782266,0.8067073903843683,0.015065167994469213,0.8030521569076121,0.015954845115991774,0.8050914717365647,0.014945448172782266,0.8067073903843683,0.015065167994469213,0.8030521569076121,0.015954845115991774,0.8050914717365647,0.014945448172782266,0.8067073903843683,0.015065167994469213,0.8030521569076121,0.015954845115991774,0.8050914717365647,0.014945448172782266,0.8067073903843683,0.015065167994469213,0.8030521569076121,0.015954845115991774,0.8050914717365647,0.014945448172782266,0.8067073903843683,0.015065167994469213,0.8030521569076121,0.015954845115991774,0.8050914717365647,0.014945448172782266,0.8067073903843683,0.015065167994469213,0.8030521569076121,0.015954845115991774,0.8050914717365647,0.014945448172782266,0.8067073903843683,0.015065167994469213,0.8030521569076121,0.015954845115991774
26,100,gini,0.2,9.0,0.84621409921671,0.01615637441713314,0.8432478870640299,0.01860618665158295,0.8419856024742829,0.01983933174185436,0.8408736878753824,0.01921293008349157,0.8432478870640299,0.01860618665158295,0.8419856024742829,0.01983933174185436,0.8408736878753824,0.01921293008349157,0.8432478870640299,0.01860618665158295,0.8419856024742829,0.01983933174185436,0.8408736878753824,0.01921293008349157,0.8432478870640299,0.01860618665158295,0.8419856024742829,0.01983933174185436,0.8408736878753824,0.01921293008349157,0.8432478870640299,0.01860618665158295,0.8419856024742829,0.01983933174185436,0.8408736878753824,0.01921293008349157,0.8432478870640299,0.01860618665158295,0.8419856024742829,0.01983933174185436,0.8408736878753824,0.01921293008349157,0.8432478870640299,0.01860618665158295,0.8419856024742829,0.01983933174185436,0.8408736878753824,0.01921293008349157
27,100,gini,0.2,12.0,0.8550913838120104,0.01237113079945914,0.8515693473441337,0.017454058550751956,0.8504532775005533,0.016920041055444906,0.8492206457705274,0.017037042894469244,0.8515693473441337,0.017454058550751956,0.8504532775005533,0.016920041055444906,0.8492206457705274,0.017037042894469244,0.8515693473441337,0.017454058550751956,0.8504532775005533,0.016920041055444906,0.8492206457705274,0.017037042894469244,0.8515693473441337,0.017454058550751956,0.8504532775005533,0.016920041055444906,0.8492206457705274,0.017037042894469244,0.8515693473441337,0.017454058550751956,0.8504532775005533,0.016920041055444906,0.8492206457705274,0.017037042894469244,0.8515693473441337,0.017454058550751956,0.8504532775005533,0.016920041055444906,0.8492206457705274,0.017037042894469244,0.8515693473441337,0.017454058550751956,0.8504532775005533,0.016920041055444906,0.8492206457705274,0.017037042894469244
28,100,gini,0.6000000000000001,3.0,0.6757180156657963,0.028952305536562122,0.6792258314444001,0.024627729228436097,0.6721394464583756,0.025285310888586467,0.6566999691234516,0.03221951332788055,0.6792258314444001,0.024627729228436097,0.6721394464583756,0.025285310888586467,0.6566999691234516,0.03221951332788055,0.6792258314444001,0.024627729228436097,0.6721394464583756,0.025285310888586467,0.6566999691234516,0.03221951332788055,0.6792258314444001,0.024627729228436097,0.6721394464583756,0.025285310888586467,0.6566999691234516,0.03221951332788055,0.6792258314444001,0.024627729228436097,0.6721394464583756,0.025285310888586467,0.6566999691234516,0.03221951332788055,0.6792258314444001,0.024627729228436097,0.6721394464583756,0.025285310888586467,0.6566999691234516,0.03221951332788055,0.6792258314444001,0.024627729228436097,0.6721394464583756,0.025285310888586467,0.6566999691234516,0.03221951332788055
29,100,gini,0.6000000000000001,6.0,0.8185378590078329,0.017871294995976606,0.8158550865486369,0.0177189675204746,0.8151136953652689,0.019299719395122247,0.8128906103202901,0.019660873975838093,0.8158550865486369,0.0177189675204746,0.8151136953652689,0.019299719395122247,0.8128906103202901,0.019660873975838093,0.8158550865486369,0.0177189675204746,0.8151136953652689,0.019299719395122247,0.8128906103202901,0.019660873975838093,0.8158550865486369,0.0177189675204746,0.8151136953652689,0.019299719395122247,0.8128906103202901,0.019660873975838093,0.8158550865486369,0.0177189675204746,0.8151136953652689,0.019299719395122247,0.8128906103202901,0.019660873975838093,0.8158550865486369,0.0177189675204746,0.8151136953652689,0.019299719395122247,0.8128906103202901,0.019660873975838093,0.8158550865486369,0.0177189675204746,0.8151136953652689,0.019299719395122247,0.8128906103202901,0.019660873975838093
30,100,gini,0.6000000000000001,9.0,0.8584856396866842,0.011488250652741509,0.856351887009362,0.014096209622631178,0.8541207266774478,0.01458034098652714,0.853672356187085,0.014464294142804104,0.856351887009362,0.014096209622631178,0.8541207266774478,0.01458034098652714,0.853672356187085,0.014464294142804104,0.856351887009362,0.014096209622631178,0.8541207266774478,0.01458034098652714,0.853672356187085,0.014464294142804104,0.856351887009362,0.014096209622631178,0.8541207266774478,0.01458034098652714,0.853672356187085,0.014464294142804104,0.856351887009362,0.014096209622631178,0.8541207266774478,0.01458034098652714,0.853672356187085,0.014464294142804104,0.856351887009362,0.014096209622631178,0.8541207266774478,0.01458034098652714,0.853672356187085,0.014464294142804104,0.856351887009362,0.014096209622631178,0.8541207266774478,0.01458034098652714,0.853672356187085,0.014464294142804104
31,100,gini,0.6000000000000001,12.0,0.8741514360313316,0.007458410891428568,0.8722178306528766,0.009923186483066015,0.8705089519587158,0.01064324744662603,0.8697759836685026,0.010772512762957974,0.8722178306528766,0.009923186483066015,0.8705089519587158,0.01064324744662603,0.8697759836685026,0.010772512762957974,0.8722178306528766,0.009923186483066015,0.8705089519587158,0.01064324744662603,0.8697759836685026,0.010772512762957974,0.8722178306528766,0.009923186483066015,0.8705089519587158,0.01064324744662603,0.8697759836685026,0.010772512762957974,0.8722178306528766,0.009923186483066015,0.8705089519587158,0.01064324744662603,0.8697759836685026,0.010772512762957974,0.8722178306528766,0.009923186483066015,0.8705089519587158,0.01064324744662603,0.8697759836685026,0.010772512762957974,0.8722178306528766,0.009923186483066015,0.8705089519587158,0.01064324744662603,0.8697759836685026,0.010772512762957974
32,100,gini,1.0,3.0,0.6681462140992167,0.027618294924479186,0.6702939599128762,0.03331181548268883,0.6655353991147677,0.022004800167134575,0.6481108786576177,0.028801403726072216,0.6702939599128762,0.03331181548268883,0.6655353991147677,0.022004800167134575,0.6481108786576177,0.028801403726072216,0.6702939599128762,0.03331181548268883,0.6655353991147677,0.022004800167134575,0.6481108786576177,0.028801403726072216,0.6702939599128762,0.03331181548268883,0.6655353991147677,0.022004800167134575,0.6481108786576177,0.028801403726072216,0.6702939599128762,0.03331181548268883,0.6655353991147677,0.022004800167134575,0.6481108786576177,0.028801403726072216,0.6702939599128762,0.03331181548268883,0.6655353991147677,0.022004800167134575,0.6481108786576177,0.028801403726072216,0.6702939599128762,0.03331181548268883,0.6655353991147677,0.022004800167134575,0.6481108786576177,0.028801403726072216
33,100,gini,1.0,6.0,0.8177545691906005,0.016993357801851662,0.8167101446273666,0.017764616938430018,0.8155652544092697,0.01961706474933716,0.813504299781922,0.019161629949385747,0.8167101446273666,0.017764616938430018,0.8155652544092697,0.01961706474933716,0.813504299781922,0.019161629949385747,0.8167101446273666,0.017764616938430018,0.8155652544092697,0.01961706474933716,0.813504299781922,0.019161629949385747,0.8167101446273666,0.017764616938430018,0.8155652544092697,0.01961706474933716,0.813504299781922,0.019161629949385747,0.8167101446273666,0.017764616938430018,0.8155652544092697,0.01961706474933716,0.813504299781922,0.019161629949385747,0.8167101446273666,0.017764616938430018,0.8155652544092697,0.01961706474933716,0.813504299781922,0.019161629949385747,0.8167101446273666,0.017764616938430018,0.8155652544092697,0.01961706474933716,0.813504299781922,0.019161629949385747
34,100,gini,1.0,9.0,0.8631853785900783,0.011919281681998269,0.8612559087890979,0.014154518496916384,0.8588806484305078,0.014925016452179713,0.8584968354882255,0.014816995465432598,0.8612559087890979,0.014154518496916384,0.8588806484305078,0.014925016452179713,0.8584968354882255,0.014816995465432598,0.8612559087890979,0.014154518496916384,0.8588806484305078,0.014925016452179713,0.8584968354882255,0.014816995465432598,0.8612559087890979,0.014154518496916384,0.8588806484305078,0.014925016452179713,0.8584968354882255,0.014816995465432598,0.8612559087890979,0.014154518496916384,0.8588806484305078,0.014925016452179713,0.8584968354882255,0.014816995465432598,0.8612559087890979,0.014154518496916384,0.8588806484305078,0.014925016452179713,0.8584968354882255,0.014816995465432598,0.8612559087890979,0.014154518496916384,0.8588806484305078,0.014925016452179713,0.8584968354882255,0.014816995465432598
35,100,gini,1.0,12.0,0.8746736292428199,0.008173616627936565,0.8731404308293668,0.012523989321379388,0.8708862046776071,0.012234312884840117,0.8704015784818562,0.012433028684688291,0.8731404308293668,0.012523989321379388,0.8708862046776071,0.012234312884840117,0.8704015784818562,0.012433028684688291,0.8731404308293668,0.012523989321379388,0.8708862046776071,0.012234312884840117,0.8704015784818562,0.012433028684688291,0.8731404308293668,0.012523989321379388,0.8708862046776071,0.012234312884840117,0.8704015784818562,0.012433028684688291,0.8731404308293668,0.012523989321379388,0.8708862046776071,0.012234312884840117,0.8704015784818562,0.012433028684688291,0.8731404308293668,0.012523989321379388,0.8708862046776071,0.012234312884840117,0.8704015784818562,0.012433028684688291,0.8731404308293668,0.012523989321379388,0.8708862046776071,0.012234312884840117,0.8704015784818562,0.012433028684688291
36,100,entropy,0.2,3.0,0.6911227154046997,0.03553312812733439,0.6903459666613124,0.03326803356074195,0.689258644564954,0.03570605491198083,0.6725743556147447,0.04079735678525581,0.6903459666613124,0.03326803356074195,0.689258644564954,0.03570605491198083,0.6725743556147447,0.04079735678525581,0.6903459666613124,0.03326803356074195,0.689258644564954,0.03570605491198083,0.6725743556147447,0.04079735678525581,0.6903459666613124,0.03326803356074195,0.689258644564954,0.03570605491198083,0.6725743556147447,0.04079735678525581,0.6903459666613124,0.03326803356074195,0.689258644564954,0.03570605491198083,0.6725743556147447,0.04079735678525581,0.6903459666613124,0.03326803356074195,0.689258644564954,0.03570605491198083,0.6725743556147447,0.04079735678525581,0.6903459666613124,0.03326803356074195,0.689258644564954,0.03570605491198083,0.6725743556147447,0.04079735678525581
37,100,entropy,0.2,6.0,0.8127937336814621,0.016473933738221796,0.8082574362322094,0.016787131711082936,0.810415905874998,0.01629878315184198,0.8062560473054114,0.017370787180916798,0.8082574362322094,0.016787131711082936,0.810415905874998,0.01629878315184198,0.8062560473054114,0.017370787180916798,0.8082574362322094,0.016787131711082936,0.810415905874998,0.01629878315184198,0.8062560473054114,0.017370787180916798,0.8082574362322094,0.016787131711082936,0.810415905874998,0.01629878315184198,0.8062560473054114,0.017370787180916798,0.8082574362322094,0.016787131711082936,0.810415905874998,0.01629878315184198,0.8062560473054114,0.017370787180916798,0.8082574362322094,0.016787131711082936,0.810415905874998,0.01629878315184198,0.8062560473054114,0.017370787180916798,0.8082574362322094,0.016787131711082936,0.810415905874998,0.01629878315184198,0.8062560473054114,0.017370787180916798
38,100,entropy,0.2,9.0,0.8477806788511749,0.010249496828402354,0.8438995834602687,0.013935788604336835,0.8435475306427309,0.01411816260403889,0.8414641467943802,0.013825125084387182,0.8438995834602687,0.013935788604336835,0.8435475306427309,0.01411816260403889,0.8414641467943802,0.013825125084387182,0.8438995834602687,0.013935788604336835,0.8435475306427309,0.01411816260403889,0.8414641467943802,0.013825125084387182,0.8438995834602687,0.013935788604336835,0.8435475306427309,0.01411816260403889,0.8414641467943802,0.013825125084387182,0.8438995834602687,0.013935788604336835,0.8435475306427309,0.01411816260403889,0.8414641467943802,0.013825125084387182,0.8438995834602687,0.013935788604336835,0.8435475306427309,0.01411816260403889,0.8414641467943802,0.013825125084387182,0.8438995834602687,0.013935788604336835,0.8435475306427309,0.01411816260403889,0.8414641467943802,0.013825125084387182
39,100,entropy,0.2,12.0,0.8563968668407311,0.013002506107560052,0.8528594177261887,0.013410185127898445,0.8525672585078208,0.015626130451217784,0.8508365117910603,0.014909017902393067,0.8528594177261887,0.013410185127898445,0.8525672585078208,0.015626130451217784,0.8508365117910603,0.014909017902393067,0.8528594177261887,0.013410185127898445,0.8525672585078208,0.015626130451217784,0.8508365117910603,0.014909017902393067,0.8528594177261887,0.013410185127898445,0.8525672585078208,0.015626130451217784,0.8508365117910603,0.014909017902393067,0.8528594177261887,0.013410185127898445,0.8525672585078208,0.015626130451217784,0.8508365117910603,0.014909017902393067,0.8528594177261887,0.013410185127898445,0.8525672585078208,0.015626130451217784,0.8508365117910603,0.014909017902393067,0.8528594177261887,0.013410185127898445,0.8525672585078208,0.015626130451217784,0.8508365117910603,0.014909017902393067
40,100,entropy,0.6000000000000001,3.0,0.6744125326370757,0.025610103484498915,0.6710193171982243,0.026759302597698296,0.6700935758985749,0.024137777648627068,0.6541542891889598,0.025456843711209307,0.6710193171982243,0.026759302597698296,0.6700935758985749,0.024137777648627068,0.6541542891889598,0.025456843711209307,0.6710193171982243,0.026759302597698296,0.6700935758985749,0.024137777648627068,0.6541542891889598,0.025456843711209307,0.6710193171982243,0.026759302597698296,0.6700935758985749,0.024137777648627068,0.6541542891889598,0.025456843711209307,0.6710193171982243,0.026759302597698296,0.6700935758985749,0.024137777648627068,0.6541542891889598,0.025456843711209307,0.6710193171982243,0.026759302597698296,0.6700935758985749,0.024137777648627068,0.6541542891889598,0.025456843711209307,0.6710193171982243,0.026759302597698296,0.6700935758985749,0.024137777648627068,0.6541542891889598,0.025456843711209307
41,100,entropy,0.6000000000000001,6.0,0.8250652741514362,0.013106945585390235,0.8227931991315931,0.01447506601800866,0.8235088256694392,0.014418476392803942,0.8210051371500319,0.014688167458266923,0.8227931991315931,0.01447506601800866,0.8235088256694392,0.014418476392803942,0.8210051371500319,0.014688167458266923,0.8227931991315931,0.01447506601800866,0.8235088256694392,0.014418476392803942,0.8210051371500319,0.014688167458266923,0.8227931991315931,0.01447506601800866,0.8235088256694392,0.014418476392803942,0.8210051371500319,0.014688167458266923,0.8227931991315931,0.01447506601800866,0.8235088256694392,0.014418476392803942,0.8210051371500319,0.014688167458266923,0.8227931991315931,0.01447506601800866,0.8235088256694392,0.014418476392803942,0.8210051371500319,0.014688167458266923,0.8227931991315931,0.01447506601800866,0.8235088256694392,0.014418476392803942,0.8210051371500319,0.014688167458266923
42,100,entropy,0.6000000000000001,9.0,0.8634464751958225,0.016139487687232994,0.8613066773432401,0.0189364863226731,0.8589363935171646,0.0196123899309884,0.8586082461278023,0.019417655130607673,0.8613066773432401,0.0189364863226731,0.8589363935171646,0.0196123899309884,0.8586082461278023,0.019417655130607673,0.8613066773432401,0.0189364863226731,0.8589363935171646,0.0196123899309884,0.8586082461278023,0.019417655130607673,0.8613066773432401,0.0189364863226731,0.8589363935171646,0.0196123899309884,0.8586082461278023,0.019417655130607673,0.8613066773432401,0.0189364863226731,0.8589363935171646,0.0196123899309884,0.8586082461278023,0.019417655130607673,0.8613066773432401,0.0189364863226731,0.8589363935171646,0.0196123899309884,0.8586082461278023,0.019417655130607673,0.8613066773432401,0.0189364863226731,0.8589363935171646,0.0196123899309884,0.8586082461278023,0.019417655130607673
43,100,entropy,0.6000000000000001,12.0,0.8791122715404699,0.011679513966759801,0.8772103049255776,0.015640332311781614,0.8746081665085604,0.016104349155595193,0.8744845269175187,0.015593016579301927,0.8772103049255776,0.015640332311781614,0.8746081665085604,0.016104349155595193,0.8744845269175187,0.015593016579301927,0.8772103049255776,0.015640332311781614,0.8746081665085604,0.016104349155595193,0.8744845269175187,0.015593016579301927,0.8772103049255776,0.015640332311781614,0.8746081665085604,0.016104349155595193,0.8744845269175187,0.015593016579301927,0.8772103049255776,0.015640332311781614,0.8746081665085604,0.016104349155595193,0.8744845269175187,0.015593016579301927,0.8772103049255776,0.015640332311781614,0.8746081665085604,0.016104349155595193,0.8744845269175187,0.015593016579301927,0.8772103049255776,0.015640332311781614,0.8746081665085604,0.016104349155595193,0.8744845269175187,0.015593016579301927
44,100,entropy,1.0,3.0,0.6783289817232376,0.022665832286381943,0.6768983935076515,0.02272839018058962,0.6762979424995227,0.018315255954961068,0.6601373634964359,0.020154935805060625,0.6768983935076515,0.02272839018058962,0.6762979424995227,0.018315255954961068,0.6601373634964359,0.020154935805060625,0.6768983935076515,0.02272839018058962,0.6762979424995227,0.018315255954961068,0.6601373634964359,0.020154935805060625,0.6768983935076515,0.02272839018058962,0.6762979424995227,0.018315255954961068,0.6601373634964359,0.020154935805060625,0.6768983935076515,0.02272839018058962,0.6762979424995227,0.018315255954961068,0.6601373634964359,0.020154935805060625,0.6768983935076515,0.02272839018058962,0.6762979424995227,0.018315255954961068,0.6601373634964359,0.020154935805060625,0.6768983935076515,0.02272839018058962,0.6762979424995227,0.018315255954961068,0.6601373634964359,0.020154935805060625
45,100,entropy,1.0,6.0,0.8261096605744125,0.013220876136994431,0.8228134751405701,0.015428105351923828,0.8225667737312659,0.016372607385602433,0.8205643985345936,0.016430803658863687,0.8228134751405701,0.015428105351923828,0.8225667737312659,0.016372607385602433,0.8205643985345936,0.016430803658863687,0.8228134751405701,0.015428105351923828,0.8225667737312659,0.016372607385602433,0.8205643985345936,0.016430803658863687,0.8228134751405701,0.015428105351923828,0.8225667737312659,0.016372607385602433,0.8205643985345936,0.016430803658863687,0.8228134751405701,0.015428105351923828,0.8225667737312659,0.016372607385602433,0.8205643985345936,0.016430803658863687,0.8228134751405701,0.015428105351923828,0.8225667737312659,0.016372607385602433,0.8205643985345936,0.016430803658863687,0.8228134751405701,0.015428105351923828,0.8225667737312659,0.016372607385602433,0.8205643985345936,0.016430803658863687
46,100,entropy,1.0,9.0,0.8652741514360314,0.012478123389397952,0.8632736324013097,0.014300847774524816,0.8617835155489969,0.015158586906783574,0.8609522505558388,0.014881855759054227,0.8632736324013097,0.014300847774524816,0.8617835155489969,0.015158586906783574,0.8609522505558388,0.014881855759054227,0.8632736324013097,0.014300847774524816,0.8617835155489969,0.015158586906783574,0.8609522505558388,0.014881855759054227,0.8632736324013097,0.014300847774524816,0.8617835155489969,0.015158586906783574,0.8609522505558388,0.014881855759054227,0.8632736324013097,0.014300847774524816,0.8617835155489969,0.015158586906783574,0.8609522505558388,0.014881855759054227,0.8632736324013097,0.014300847774524816,0.8617835155489969,0.015158586906783574,0.8609522505558388,0.014881855759054227,0.8632736324013097,0.014300847774524816,0.8617835155489969,0.015158586906783574,0.8609522505558388,0.014881855759054227
47,100,entropy,1.0,12.0,0.8788511749347258,0.0140216413390053,0.8770538864151698,0.0158208957133128,0.8744673024654464,0.01785367380934319,0.8743241253241217,0.017191201842913124,0.8770538864151698,0.0158208957133128,0.8744673024654464,0.01785367380934319,0.8743241253241217,0.017191201842913124,0.8770538864151698,0.0158208957133128,0.8744673024654464,0.01785367380934319,0.8743241253241217,0.017191201842913124,0.8770538864151698,0.0158208957133128,0.8744673024654464,0.01785367380934319,0.8743241253241217,0.017191201842913124,0.8770538864151698,0.0158208957133128,0.8744673024654464,0.01785367380934319,0.8743241253241217,0.017191201842913124,0.8770538864151698,0.0158208957133128,0.8744673024654464,0.01785367380934319,0.8743241253241217,0.017191201842913124,0.8770538864151698,0.0158208957133128,0.8744673024654464,0.01785367380934319,0.8743241253241217,0.017191201842913124
48,1000,gini,0.2,3.0,0.6861618798955613,0.026182665559731956,0.6885172982486973,0.02736604516951507,0.6847177226763012,0.019482307109872463,0.6675179630810615,0.02422499635233889,0.6885172982486973,0.02736604516951507,0.6847177226763012,0.019482307109872463,0.6675179630810615,0.02422499635233889,0.6885172982486973,0.02736604516951507,0.6847177226763012,0.019482307109872463,0.6675179630810615,0.02422499635233889,0.6885172982486973,0.02736604516951507,0.6847177226763012,0.019482307109872463,0.6675179630810615,0.02422499635233889,0.6885172982486973,0.02736604516951507,0.6847177226763012,0.019482307109872463,0.6675179630810615,0.02422499635233889,0.6885172982486973,0.02736604516951507,0.6847177226763012,0.019482307109872463,0.6675179630810615,0.02422499635233889,0.6885172982486973,0.02736604516951507,0.6847177226763012,0.019482307109872463,0.6675179630810615,0.02422499635233889
49,1000,gini,0.2,6.0,0.8198433420365536,0.015578521034126679,0.8161061995139823,0.015153938263832954,0.8168495866353351,0.016665943992009803,0.813989959406403,0.016688023061443055,0.8161061995139823,0.015153938263832954,0.8168495866353351,0.016665943992009803,0.813989959406403,0.016688023061443055,0.8161061995139823,0.015153938263832954,0.8168495866353351,0.016665943992009803,0.813989959406403,0.016688023061443055,0.8161061995139823,0.015153938263832954,0.8168495866353351,0.016665943992009803,0.813989959406403,0.016688023061443055,0.8161061995139823,0.015153938263832954,0.8168495866353351,0.016665943992009803,0.813989959406403,0.016688023061443055,0.8161061995139823,0.015153938263832954,0.8168495866353351,0.016665943992009803,0.813989959406403,0.016688023061443055,0.8161061995139823,0.015153938263832954,0.8168495866353351,0.016665943992009803,0.813989959406403,0.016688023061443055
50,1000,gini,0.2,9.0,0.8477806788511749,0.012360104833989166,0.8439769792013265,0.013965436148092597,0.8438651825323629,0.014534755497714203,0.842227440539658,0.014599759171544142,0.8439769792013265,0.013965436148092597,0.8438651825323629,0.014534755497714203,0.842227440539658,0.014599759171544142,0.8439769792013265,0.013965436148092597,0.8438651825323629,0.014534755497714203,0.842227440539658,0.014599759171544142,0.8439769792013265,0.013965436148092597,0.8438651825323629,0.014534755497714203,0.842227440539658,0.014599759171544142,0.8439769792013265,0.013965436148092597,0.8438651825323629,0.014534755497714203,0.842227440539658,0.014599759171544142,0.8439769792013265,0.013965436148092597,0.8438651825323629,0.014534755497714203,0.842227440539658,0.014599759171544142,0.8439769792013265,0.013965436148092597,0.8438651825323629,0.014534755497714203,0.842227440539658,0.014599759171544142
51,1000,gini,0.2,12.0,0.8582245430809399,0.008584481578471845,0.8548354000461597,0.009766214728293431,0.8542337811886538,0.0117680614041755,0.8526844728008219,0.010899119543174445,0.8548354000461597,0.009766214728293431,0.8542337811886538,0.0117680614041755,0.8526844728008219,0.010899119543174445,0.8548354000461597,0.009766214728293431,0.8542337811886538,0.0117680614041755,0.8526844728008219,0.010899119543174445,0.8548354000461597,0.009766214728293431,0.8542337811886538,0.0117680614041755,0.8526844728008219,0.010899119543174445,0.8548354000461597,0.009766214728293431,0.8542337811886538,0.0117680614041755,0.8526844728008219,0.010899119543174445,0.8548354000461597,0.009766214728293431,0.8542337811886538,0.0117680614041755,0.8526844728008219,0.010899119543174445,0.8548354000461597,0.009766214728293431,0.8542337811886538,0.0117680614041755,0.8526844728008219,0.010899119543174445
52,1000,gini,0.6000000000000001,3.0,0.6785900783289817,0.02839718180657052,0.6839665086314894,0.027368712905755665,0.6769759737528153,0.025045233075532625,0.6598376936605908,0.027261033837114895,0.6839665086314894,0.027368712905755665,0.6769759737528153,0.025045233075532625,0.6598376936605908,0.027261033837114895,0.6839665086314894,0.027368712905755665,0.6769759737528153,0.025045233075532625,0.6598376936605908,0.027261033837114895,0.6839665086314894,0.027368712905755665,0.6769759737528153,0.025045233075532625,0.6598376936605908,0.027261033837114895,0.6839665086314894,0.027368712905755665,0.6769759737528153,0.025045233075532625,0.6598376936605908,0.027261033837114895,0.6839665086314894,0.027368712905755665,0.6769759737528153,0.025045233075532625,0.6598376936605908,0.027261033837114895,0.6839665086314894,0.027368712905755665,0.6769759737528153,0.025045233075532625,0.6598376936605908,0.027261033837114895
53,1000,gini,0.6000000000000001,6.0,0.8206266318537858,0.016223745569614593,0.8183265043320127,0.017255451455661593,0.8180289467757751,0.018488664509960676,0.8154431583771984,0.018457421046406665,0.8183265043320127,0.017255451455661593,0.8180289467757751,0.018488664509960676,0.8154431583771984,0.018457421046406665,0.8183265043320127,0.017255451455661593,0.8180289467757751,0.018488664509960676,0.8154431583771984,0.018457421046406665,0.8183265043320127,0.017255451455661593,0.8180289467757751,0.018488664509960676,0.8154431583771984,0.018457421046406665,0.8183265043320127,0.017255451455661593,0.8180289467757751,0.018488664509960676,0.8154431583771984,0.018457421046406665,0.8183265043320127,0.017255451455661593,0.8180289467757751,0.018488664509960676,0.8154431583771984,0.018457421046406665,0.8183265043320127,0.017255451455661593,0.8180289467757751,0.018488664509960676,0.8154431583771984,0.018457421046406665
54,1000,gini,0.6000000000000001,9.0,0.860052219321149,0.012854865404794937,0.8583499469524323,0.015870202650649277,0.8561791332983939,0.01622979188324688,0.8554975605418272,0.016517549176184244,0.8583499469524323,0.015870202650649277,0.8561791332983939,0.01622979188324688,0.8554975605418272,0.016517549176184244,0.8583499469524323,0.015870202650649277,0.8561791332983939,0.01622979188324688,0.8554975605418272,0.016517549176184244,0.8583499469524323,0.015870202650649277,0.8561791332983939,0.01622979188324688,0.8554975605418272,0.016517549176184244,0.8583499469524323,0.015870202650649277,0.8561791332983939,0.01622979188324688,0.8554975605418272,0.016517549176184244,0.8583499469524323,0.015870202650649277,0.8561791332983939,0.01622979188324688,0.8554975605418272,0.016517549176184244,0.8583499469524323,0.015870202650649277,0.8561791332983939,0.01622979188324688,0.8554975605418272,0.016517549176184244
55,1000,gini,0.6000000000000001,12.0,0.8733681462140993,0.012315902261170509,0.8719222005450835,0.014246115648044209,0.8689348807508066,0.015474500349759496,0.868875340668807,0.015225049211025384,0.8719222005450835,0.014246115648044209,0.8689348807508066,0.015474500349759496,0.868875340668807,0.015225049211025384,0.8719222005450835,0.014246115648044209,0.8689348807508066,0.015474500349759496,0.868875340668807,0.015225049211025384,0.8719222005450835,0.014246115648044209,0.8689348807508066,0.015474500349759496,0.868875340668807,0.015225049211025384,0.8719222005450835,0.014246115648044209,0.8689348807508066,0.015474500349759496,0.868875340668807,0.015225049211025384,0.8719222005450835,0.014246115648044209,0.8689348807508066,0.015474500349759496,0.868875340668807,0.015225049211025384,0.8719222005450835,0.014246115648044209,0.8689348807508066,0.015474500349759496,0.868875340668807,0.015225049211025384
56,1000,gini,1.0,3.0,0.6775456919060053,0.025077510068274862,0.6829015861290846,0.02427580793780126,0.6753150902186971,0.02017215597940886,0.6604713238471411,0.02275288091642573,0.6829015861290846,0.02427580793780126,0.6753150902186971,0.02017215597940886,0.6604713238471411,0.02275288091642573,0.6829015861290846,0.02427580793780126,0.6753150902186971,0.02017215597940886,0.6604713238471411,0.02275288091642573,0.6829015861290846,0.02427580793780126,0.6753150902186971,0.02017215597940886,0.6604713238471411,0.02275288091642573,0.6829015861290846,0.02427580793780126,0.6753150902186971,0.02017215597940886,0.6604713238471411,0.02275288091642573,0.6829015861290846,0.02427580793780126,0.6753150902186971,0.02017215597940886,0.6604713238471411,0.02275288091642573,0.6829015861290846,0.02427580793780126,0.6753150902186971,0.02017215597940886,0.6604713238471411,0.02275288091642573
57,1000,gini,1.0,6.0,0.8190600522193211,0.013417927057472146,0.8181081808063191,0.014256017850879467,0.8168582449658194,0.015580278292156507,0.8142518804102619,0.015739999177361658,0.8181081808063191,0.014256017850879467,0.8168582449658194,0.015580278292156507,0.8142518804102619,0.015739999177361658,0.8181081808063191,0.014256017850879467,0.8168582449658194,0.015580278292156507,0.8142518804102619,0.015739999177361658,0.8181081808063191,0.014256017850879467,0.8168582449658194,0.015580278292156507,0.8142518804102619,0.015739999177361658,0.8181081808063191,0.014256017850879467,0.8168582449658194,0.015580278292156507,0.8142518804102619,0.015739999177361658,0.8181081808063191,0.014256017850879467,0.8168582449658194,0.015580278292156507,0.8142518804102619,0.015739999177361658,0.8181081808063191,0.014256017850879467,0.8168582449658194,0.015580278292156507,0.8142518804102619,0.015739999177361658
58,1000,gini,1.0,9.0,0.8655352480417754,0.012751034409477587,0.8640149601807383,0.015501868470320741,0.8613766522045531,0.015497207804222668,0.8610510628986889,0.015857691892179865,0.8640149601807383,0.015501868470320741,0.8613766522045531,0.015497207804222668,0.8610510628986889,0.015857691892179865,0.8640149601807383,0.015501868470320741,0.8613766522045531,0.015497207804222668,0.8610510628986889,0.015857691892179865,0.8640149601807383,0.015501868470320741,0.8613766522045531,0.015497207804222668,0.8610510628986889,0.015857691892179865,0.8640149601807383,0.015501868470320741,0.8613766522045531,0.015497207804222668,0.8610510628986889,0.015857691892179865,0.8640149601807383,0.015501868470320741,0.8613766522045531,0.015497207804222668,0.8610510628986889,0.015857691892179865,0.8640149601807383,0.015501868470320741,0.8613766522045531,0.015497207804222668,0.8610510628986889,0.015857691892179865
59,1000,gini,1.0,12.0,0.8765013054830287,0.010768454635666476,0.8748103249076967,0.013270426901846662,0.872411017260753,0.013757977842710713,0.8722609386706957,0.013712523514930111,0.8748103249076967,0.013270426901846662,0.872411017260753,0.013757977842710713,0.8722609386706957,0.013712523514930111,0.8748103249076967,0.013270426901846662,0.872411017260753,0.013757977842710713,0.8722609386706957,0.013712523514930111,0.8748103249076967,0.013270426901846662,0.872411017260753,0.013757977842710713,0.8722609386706957,0.013712523514930111,0.8748103249076967,0.013270426901846662,0.872411017260753,0.013757977842710713,0.8722609386706957,0.013712523514930111,0.8748103249076967,0.013270426901846662,0.872411017260753,0.013757977842710713,0.8722609386706957,0.013712523514930111,0.8748103249076967,0.013270426901846662,0.872411017260753,0.013757977842710713,0.8722609386706957,0.013712523514930111
60,1000,entropy,0.2,3.0,0.6968668407310704,0.026994156696773516,0.6923220218407278,0.021296060022101472,0.6951316040056487,0.0216594677420475,0.6792057020643537,0.024992451462902854,0.6923220218407278,0.021296060022101472,0.6951316040056487,0.0216594677420475,0.6792057020643537,0.024992451462902854,0.6923220218407278,0.021296060022101472,0.6951316040056487,0.0216594677420475,0.6792057020643537,0.024992451462902854,0.6923220218407278,0.021296060022101472,0.6951316040056487,0.0216594677420475,0.6792057020643537,0.024992451462902854,0.6923220218407278,0.021296060022101472,0.6951316040056487,0.0216594677420475,0.6792057020643537,0.024992451462902854,0.6923220218407278,0.021296060022101472,0.6951316040056487,0.0216594677420475,0.6792057020643537,0.024992451462902854,0.6923220218407278,0.021296060022101472,0.6951316040056487,0.0216594677420475,0.6792057020643537,0.024992451462902854
61,1000,entropy,0.2,6.0,0.8237597911227154,0.015100776752920373,0.8183878443842435,0.01682850523151342,0.8206585236214231,0.017914941216174235,0.8171748424758624,0.01806630047407151,0.8183878443842435,0.01682850523151342,0.8206585236214231,0.017914941216174235,0.8171748424758624,0.01806630047407151,0.8183878443842435,0.01682850523151342,0.8206585236214231,0.017914941216174235,0.8171748424758624,0.01806630047407151,0.8183878443842435,0.01682850523151342,0.8206585236214231,0.017914941216174235,0.8171748424758624,0.01806630047407151,0.8183878443842435,0.01682850523151342,0.8206585236214231,0.017914941216174235,0.8171748424758624,0.01806630047407151,0.8183878443842435,0.01682850523151342,0.8206585236214231,0.017914941216174235,0.8171748424758624,0.01806630047407151,0.8183878443842435,0.01682850523151342,0.8206585236214231,0.017914941216174235,0.8171748424758624,0.01806630047407151
62,1000,entropy,0.2,9.0,0.8540469973890339,0.011407860195798149,0.8505133647108142,0.012487035166199444,0.8498204414892317,0.0148455375753768,0.8484656040660787,0.014183449660467726,0.8505133647108142,0.012487035166199444,0.8498204414892317,0.0148455375753768,0.8484656040660787,0.014183449660467726,0.8505133647108142,0.012487035166199444,0.8498204414892317,0.0148455375753768,0.8484656040660787,0.014183449660467726,0.8505133647108142,0.012487035166199444,0.8498204414892317,0.0148455375753768,0.8484656040660787,0.014183449660467726,0.8505133647108142,0.012487035166199444,0.8498204414892317,0.0148455375753768,0.8484656040660787,0.014183449660467726,0.8505133647108142,0.012487035166199444,0.8498204414892317,0.0148455375753768,0.8484656040660787,0.014183449660467726,0.8505133647108142,0.012487035166199444,0.8498204414892317,0.0148455375753768,0.8484656040660787,0.014183449660467726
63,1000,entropy,0.2,12.0,0.8590078328981724,0.0091941602410752,0.8554677121957797,0.011757198334953896,0.8544232109910418,0.013147754919193148,0.8532028114993089,0.012370129673354246,0.8554677121957797,0.011757198334953896,0.8544232109910418,0.013147754919193148,0.8532028114993089,0.012370129673354246,0.8554677121957797,0.011757198334953896,0.8544232109910418,0.013147754919193148,0.8532028114993089,0.012370129673354246,0.8554677121957797,0.011757198334953896,0.8544232109910418,0.013147754919193148,0.8532028114993089,0.012370129673354246,0.8554677121957797,0.011757198334953896,0.8544232109910418,0.013147754919193148,0.8532028114993089,0.012370129673354246,0.8554677121957797,0.011757198334953896,0.8544232109910418,0.013147754919193148,0.8532028114993089,0.012370129673354246,0.8554677121957797,0.011757198334953896,0.8544232109910418,0.013147754919193148,0.8532028114993089,0.012370129673354246
64,1000,entropy,0.6000000000000001,3.0,0.6861618798955613,0.02468157137983598,0.6843534983516435,0.018208613552506612,0.68508236281699,0.021554277060412352,0.6674049493767028,0.022591916778157445,0.6843534983516435,0.018208613552506612,0.68508236281699,0.021554277060412352,0.6674049493767028,0.022591916778157445,0.6843534983516435,0.018208613552506612,0.68508236281699,0.021554277060412352,0.6674049493767028,0.022591916778157445,0.6843534983516435,0.018208613552506612,0.68508236281699,0.021554277060412352,0.6674049493767028,0.022591916778157445,0.6843534983516435,0.018208613552506612,0.68508236281699,0.021554277060412352,0.6674049493767028,0.022591916778157445,0.6843534983516435,0.018208613552506612,0.68508236281699,0.021554277060412352,0.6674049493767028,0.022591916778157445,0.6843534983516435,0.018208613552506612,0.68508236281699,0.021554277060412352,0.6674049493767028,0.022591916778157445
65,1000,entropy,0.6000000000000001,6.0,0.8237597911227154,0.014688859717008056,0.8209272406238485,0.015489133264858977,0.8208029395296441,0.01790907879422237,0.8184736029957644,0.017468126944330854,0.8209272406238485,0.015489133264858977,0.8208029395296441,0.01790907879422237,0.8184736029957644,0.017468126944330854,0.8209272406238485,0.015489133264858977,0.8208029395296441,0.01790907879422237,0.8184736029957644,0.017468126944330854,0.8209272406238485,0.015489133264858977,0.8208029395296441,0.01790907879422237,0.8184736029957644,0.017468126944330854,0.8209272406238485,0.015489133264858977,0.8208029395296441,0.01790907879422237,0.8184736029957644,0.017468126944330854,0.8209272406238485,0.015489133264858977,0.8208029395296441,0.01790907879422237,0.8184736029957644,0.017468126944330854,0.8209272406238485,0.015489133264858977,0.8208029395296441,0.01790907879422237,0.8184736029957644,0.017468126944330854
66,1000,entropy,0.6000000000000001,9.0,0.8668407310704961,0.012078363975164883,0.8650560464055677,0.014137361592700234,0.8625389230145816,0.015088780397127983,0.8621288563912286,0.015260953836179812,0.8650560464055677,0.014137361592700234,0.8625389230145816,0.015088780397127983,0.8621288563912286,0.015260953836179812,0.8650560464055677,0.014137361592700234,0.8625389230145816,0.015088780397127983,0.8621288563912286,0.015260953836179812,0.8650560464055677,0.014137361592700234,0.8625389230145816,0.015088780397127983,0.8621288563912286,0.015260953836179812,0.8650560464055677,0.014137361592700234,0.8625389230145816,0.015088780397127983,0.8621288563912286,0.015260953836179812,0.8650560464055677,0.014137361592700234,0.8625389230145816,0.015088780397127983,0.8621288563912286,0.015260953836179812,0.8650560464055677,0.014137361592700234,0.8625389230145816,0.015088780397127983,0.8621288563912286,0.015260953836179812
67,1000,entropy,0.6000000000000001,12.0,0.877284595300261,0.01289722092452059,0.8755693839118285,0.014722879498087956,0.8730486093225058,0.015846028106832458,0.8728725969001058,0.01586317530760176,0.8755693839118285,0.014722879498087956,0.8730486093225058,0.015846028106832458,0.8728725969001058,0.01586317530760176,0.8755693839118285,0.014722879498087956,0.8730486093225058,0.015846028106832458,0.8728725969001058,0.01586317530760176,0.8755693839118285,0.014722879498087956,0.8730486093225058,0.015846028106832458,0.8728725969001058,0.01586317530760176,0.8755693839118285,0.014722879498087956,0.8730486093225058,0.015846028106832458,0.8728725969001058,0.01586317530760176,0.8755693839118285,0.014722879498087956,0.8730486093225058,0.015846028106832458,0.8728725969001058,0.01586317530760176,0.8755693839118285,0.014722879498087956,0.8730486093225058,0.015846028106832458,0.8728725969001058,0.01586317530760176
68,1000,entropy,1.0,3.0,0.6835509138381202,0.02355085594523173,0.6819322254807915,0.015920416250353477,0.6822968024507792,0.01768131561719394,0.6643921025945055,0.021409649876108085,0.6819322254807915,0.015920416250353477,0.6822968024507792,0.01768131561719394,0.6643921025945055,0.021409649876108085,0.6819322254807915,0.015920416250353477,0.6822968024507792,0.01768131561719394,0.6643921025945055,0.021409649876108085,0.6819322254807915,0.015920416250353477,0.6822968024507792,0.01768131561719394,0.6643921025945055,0.021409649876108085,0.6819322254807915,0.015920416250353477,0.6822968024507792,0.01768131561719394,0.6643921025945055,0.021409649876108085,0.6819322254807915,0.015920416250353477,0.6822968024507792,0.01768131561719394,0.6643921025945055,0.021409649876108085,0.6819322254807915,0.015920416250353477,0.6822968024507792,0.01768131561719394,0.6643921025945055,0.021409649876108085
69,1000,entropy,1.0,6.0,0.8281984334203655,0.014852702510003035,0.8265032745550501,0.014842316458213227,0.8256026764754323,0.01713348002597518,0.8236150030136912,0.016503726231101867,0.8265032745550501,0.014842316458213227,0.8256026764754323,0.01713348002597518,0.8236150030136912,0.016503726231101867,0.8265032745550501,0.014842316458213227,0.8256026764754323,0.01713348002597518,0.8236150030136912,0.016503726231101867,0.8265032745550501,0.014842316458213227,0.8256026764754323,0.01713348002597518,0.8236150030136912,0.016503726231101867,0.8265032745550501,0.014842316458213227,0.8256026764754323,0.01713348002597518,0.8236150030136912,0.016503726231101867,0.8265032745550501,0.014842316458213227,0.8256026764754323,0.01713348002597518,0.8236150030136912,0.016503726231101867,0.8265032745550501,0.014842316458213227,0.8256026764754323,0.01713348002597518,0.8236150030136912,0.016503726231101867
70,1000,entropy,1.0,9.0,0.8671018276762401,0.011526757208691464,0.8657920209413801,0.013504467385364696,0.8629566223963693,0.015226692669081244,0.8626781844028896,0.014918722052404541,0.8657920209413801,0.013504467385364696,0.8629566223963693,0.015226692669081244,0.8626781844028896,0.014918722052404541,0.8657920209413801,0.013504467385364696,0.8629566223963693,0.015226692669081244,0.8626781844028896,0.014918722052404541,0.8657920209413801,0.013504467385364696,0.8629566223963693,0.015226692669081244,0.8626781844028896,0.014918722052404541,0.8657920209413801,0.013504467385364696,0.8629566223963693,0.015226692669081244,0.8626781844028896,0.014918722052404541,0.8657920209413801,0.013504467385364696,0.8629566223963693,0.015226692669081244,0.8626781844028896,0.014918722052404541,0.8657920209413801,0.013504467385364696,0.8629566223963693,0.015226692669081244,0.8626781844028896,0.014918722052404541
71,1000,entropy,1.0,12.0,0.8775456919060052,0.011933571678356587,0.8756261917950086,0.014777541709030038,0.873029697647293,0.014710807477617946,0.8729229387748803,0.015056863182670724,0.8756261917950086,0.014777541709030038,0.873029697647293,0.014710807477617946,0.8729229387748803,0.015056863182670724,0.8756261917950086,0.014777541709030038,0.873029697647293,0.014710807477617946,0.8729229387748803,0.015056863182670724,0.8756261917950086,0.014777541709030038,0.873029697647293,0.014710807477617946,0.8729229387748803,0.015056863182670724,0.8756261917950086,0.014777541709030038,0.873029697647293,0.014710807477617946,0.8729229387748803,0.015056863182670724,0.8756261917950086,0.014777541709030038,0.873029697647293,0.014710807477617946,0.8729229387748803,0.015056863182670724,0.8756261917950086,0.014777541709030038,0.873029697647293,0.014710807477617946,0.8729229387748803,0.015056863182670724
