id,Number_of_estimators,Learning_rate,Max_depth,Accuracy_mean,Accuracy_std,Precision_mean_D0,Precision_std_D0,Recall_mean_D0,Recall_std_D0,F1_score_mean_D0,F1_score_std_D0,Precision_mean_D1,Precision_std_D1,Recall_mean_D1,Recall_std_D1,F1_score_mean_D1,F1_score_std_D1,Precision_mean_D2,Precision_std_D2,Recall_mean_D2,Recall_std_D2,F1_score_mean_D2,F1_score_std_D2,Precision_mean_D3,Precision_std_D3,Recall_mean_D3,Recall_std_D3,F1_score_mean_D3,F1_score_std_D3,Precision_mean_D4,Precision_std_D4,Recall_mean_D4,Recall_std_D4,F1_score_mean_D4,F1_score_std_D4,Precision_mean_D5,Precision_std_D5,Recall_mean_D5,Recall_std_D5,F1_score_mean_D5,F1_score_std_D5,Precision_mean_D6,Precision_std_D6,Recall_mean_D6,Recall_std_D6,F1_score_mean_D6,F1_score_std_D6
0,10,0.05,3,0.6587467362924282,0.03204262817959763,0.6583848785441846,0.040628989787499944,0.6560825916092805,0.030678829943470792,0.6446664184284722,0.03887306269301668,0.6583848785441846,0.040628989787499944,0.6560825916092805,0.030678829943470792,0.6446664184284722,0.03887306269301668,0.6583848785441846,0.040628989787499944,0.6560825916092805,0.030678829943470792,0.6446664184284722,0.03887306269301668,0.6583848785441846,0.040628989787499944,0.6560825916092805,0.030678829943470792,0.6446664184284722,0.03887306269301668,0.6583848785441846,0.040628989787499944,0.6560825916092805,0.030678829943470792,0.6446664184284722,0.03887306269301668,0.6583848785441846,0.040628989787499944,0.6560825916092805,0.030678829943470792,0.6446664184284722,0.03887306269301668,0.6583848785441846,0.040628989787499944,0.6560825916092805,0.030678829943470792,0.6446664184284722,0.03887306269301668
1,10,0.05,6,0.8057441253263707,0.017287671391380523,0.8036427332888308,0.021611940876744475,0.8003018940589607,0.019877354427053177,0.7999790795965444,0.02043660290812112,0.8036427332888308,0.021611940876744475,0.8003018940589607,0.019877354427053177,0.7999790795965444,0.02043660290812112,0.8036427332888308,0.021611940876744475,0.8003018940589607,0.019877354427053177,0.7999790795965444,0.02043660290812112,0.8036427332888308,0.021611940876744475,0.8003018940589607,0.019877354427053177,0.7999790795965444,0.02043660290812112,0.8036427332888308,0.021611940876744475,0.8003018940589607,0.019877354427053177,0.7999790795965444,0.02043660290812112,0.8036427332888308,0.021611940876744475,0.8003018940589607,0.019877354427053177,0.7999790795965444,0.02043660290812112,0.8036427332888308,0.021611940876744475,0.8003018940589607,0.019877354427053177,0.7999790795965444,0.02043660290812112
2,10,0.05,9,0.8360313315926893,0.012939437799857822,0.8327009418834825,0.017064556406351634,0.8315168139657384,0.014162159633909424,0.8300189512180953,0.015647009522985138,0.8327009418834825,0.017064556406351634,0.8315168139657384,0.014162159633909424,0.8300189512180953,0.015647009522985138,0.8327009418834825,0.017064556406351634,0.8315168139657384,0.014162159633909424,0.8300189512180953,0.015647009522985138,0.8327009418834825,0.017064556406351634,0.8315168139657384,0.014162159633909424,0.8300189512180953,0.015647009522985138,0.8327009418834825,0.017064556406351634,0.8315168139657384,0.014162159633909424,0.8300189512180953,0.015647009522985138,0.8327009418834825,0.017064556406351634,0.8315168139657384,0.014162159633909424,0.8300189512180953,0.015647009522985138,0.8327009418834825,0.017064556406351634,0.8315168139657384,0.014162159633909424,0.8300189512180953,0.015647009522985138
3,10,0.05,12,0.8394255874673631,0.011154051886837497,0.83600526842115,0.015183634604843576,0.8351499583782646,0.013044968397436426,0.8334702349757419,0.014382861519827553,0.83600526842115,0.015183634604843576,0.8351499583782646,0.013044968397436426,0.8334702349757419,0.014382861519827553,0.83600526842115,0.015183634604843576,0.8351499583782646,0.013044968397436426,0.8334702349757419,0.014382861519827553,0.83600526842115,0.015183634604843576,0.8351499583782646,0.013044968397436426,0.8334702349757419,0.014382861519827553,0.83600526842115,0.015183634604843576,0.8351499583782646,0.013044968397436426,0.8334702349757419,0.014382861519827553,0.83600526842115,0.015183634604843576,0.8351499583782646,0.013044968397436426,0.8334702349757419,0.014382861519827553,0.83600526842115,0.015183634604843576,0.8351499583782646,0.013044968397436426,0.8334702349757419,0.014382861519827553
4,10,0.1,3,0.672845953002611,0.02974783068714843,0.677273834391415,0.03622038904211666,0.667975477339645,0.027762765753213955,0.6609996906516453,0.03035990896298648,0.677273834391415,0.03622038904211666,0.667975477339645,0.027762765753213955,0.6609996906516453,0.03035990896298648,0.677273834391415,0.03622038904211666,0.667975477339645,0.027762765753213955,0.6609996906516453,0.03035990896298648,0.677273834391415,0.03622038904211666,0.667975477339645,0.027762765753213955,0.6609996906516453,0.03035990896298648,0.677273834391415,0.03622038904211666,0.667975477339645,0.027762765753213955,0.6609996906516453,0.03035990896298648,0.677273834391415,0.03622038904211666,0.667975477339645,0.027762765753213955,0.6609996906516453,0.03035990896298648,0.677273834391415,0.03622038904211666,0.667975477339645,0.027762765753213955,0.6609996906516453,0.03035990896298648
5,10,0.1,6,0.8135770234986944,0.01139291082468483,0.8109966355544704,0.013313678602320772,0.8080758680066165,0.013374167676726618,0.8076577571655411,0.012873269289777674,0.8109966355544704,0.013313678602320772,0.8080758680066165,0.013374167676726618,0.8076577571655411,0.012873269289777674,0.8109966355544704,0.013313678602320772,0.8080758680066165,0.013374167676726618,0.8076577571655411,0.012873269289777674,0.8109966355544704,0.013313678602320772,0.8080758680066165,0.013374167676726618,0.8076577571655411,0.012873269289777674,0.8109966355544704,0.013313678602320772,0.8080758680066165,0.013374167676726618,0.8076577571655411,0.012873269289777674,0.8109966355544704,0.013313678602320772,0.8080758680066165,0.013374167676726618,0.8076577571655411,0.012873269289777674,0.8109966355544704,0.013313678602320772,0.8080758680066165,0.013374167676726618,0.8076577571655411,0.012873269289777674
6,10,0.1,9,0.8417754569190601,0.011028048084565478,0.8389403592131017,0.014301834138998453,0.8373013871906236,0.013139433670561446,0.8363244720859896,0.0138896748567708,0.8389403592131017,0.014301834138998453,0.8373013871906236,0.013139433670561446,0.8363244720859896,0.0138896748567708,0.8389403592131017,0.014301834138998453,0.8373013871906236,0.013139433670561446,0.8363244720859896,0.0138896748567708,0.8389403592131017,0.014301834138998453,0.8373013871906236,0.013139433670561446,0.8363244720859896,0.0138896748567708,0.8389403592131017,0.014301834138998453,0.8373013871906236,0.013139433670561446,0.8363244720859896,0.0138896748567708,0.8389403592131017,0.014301834138998453,0.8373013871906236,0.013139433670561446,0.8363244720859896,0.0138896748567708,0.8389403592131017,0.014301834138998453,0.8373013871906236,0.013139433670561446,0.8363244720859896,0.0138896748567708
7,10,0.1,12,0.8441253263707573,0.010182767624020874,0.8406726074890406,0.01289856769779513,0.8399541616601887,0.012317888708803154,0.8384848478099478,0.012655762414890328,0.8406726074890406,0.01289856769779513,0.8399541616601887,0.012317888708803154,0.8384848478099478,0.012655762414890328,0.8406726074890406,0.01289856769779513,0.8399541616601887,0.012317888708803154,0.8384848478099478,0.012655762414890328,0.8406726074890406,0.01289856769779513,0.8399541616601887,0.012317888708803154,0.8384848478099478,0.012655762414890328,0.8406726074890406,0.01289856769779513,0.8399541616601887,0.012317888708803154,0.8384848478099478,0.012655762414890328,0.8406726074890406,0.01289856769779513,0.8399541616601887,0.012317888708803154,0.8384848478099478,0.012655762414890328,0.8406726074890406,0.01289856769779513,0.8399541616601887,0.012317888708803154,0.8384848478099478,0.012655762414890328
8,10,0.15000000000000002,3,0.7,0.02627752824663203,0.7014241029830859,0.021352258512670978,0.6944628079276416,0.022689510575136494,0.6884583722223356,0.024357039186485695,0.7014241029830859,0.021352258512670978,0.6944628079276416,0.022689510575136494,0.6884583722223356,0.024357039186485695,0.7014241029830859,0.021352258512670978,0.6944628079276416,0.022689510575136494,0.6884583722223356,0.024357039186485695,0.7014241029830859,0.021352258512670978,0.6944628079276416,0.022689510575136494,0.6884583722223356,0.024357039186485695,0.7014241029830859,0.021352258512670978,0.6944628079276416,0.022689510575136494,0.6884583722223356,0.024357039186485695,0.7014241029830859,0.021352258512670978,0.6944628079276416,0.022689510575136494,0.6884583722223356,0.024357039186485695,0.7014241029830859,0.021352258512670978,0.6944628079276416,0.022689510575136494,0.6884583722223356,0.024357039186485695
9,10,0.15000000000000002,6,0.8219321148825065,0.0162552296775701,0.819231522361792,0.016149514781873875,0.8164470664247855,0.01634873520962603,0.8160413762510073,0.016456650607703942,0.819231522361792,0.016149514781873875,0.8164470664247855,0.01634873520962603,0.8160413762510073,0.016456650607703942,0.819231522361792,0.016149514781873875,0.8164470664247855,0.01634873520962603,0.8160413762510073,0.016456650607703942,0.819231522361792,0.016149514781873875,0.8164470664247855,0.01634873520962603,0.8160413762510073,0.016456650607703942,0.819231522361792,0.016149514781873875,0.8164470664247855,0.01634873520962603,0.8160413762510073,0.016456650607703942,0.819231522361792,0.016149514781873875,0.8164470664247855,0.01634873520962603,0.8160413762510073,0.016456650607703942,0.819231522361792,0.016149514781873875,0.8164470664247855,0.01634873520962603,0.8160413762510073,0.016456650607703942
10,10,0.15000000000000002,9,0.8480417754569192,0.00961459667860154,0.8445044342398067,0.011597843084630582,0.8430032804227853,0.012872287891015965,0.8421390279826465,0.012965711506256434,0.8445044342398067,0.011597843084630582,0.8430032804227853,0.012872287891015965,0.8421390279826465,0.012965711506256434,0.8445044342398067,0.011597843084630582,0.8430032804227853,0.012872287891015965,0.8421390279826465,0.012965711506256434,0.8445044342398067,0.011597843084630582,0.8430032804227853,0.012872287891015965,0.8421390279826465,0.012965711506256434,0.8445044342398067,0.011597843084630582,0.8430032804227853,0.012872287891015965,0.8421390279826465,0.012965711506256434,0.8445044342398067,0.011597843084630582,0.8430032804227853,0.012872287891015965,0.8421390279826465,0.012965711506256434,0.8445044342398067,0.011597843084630582,0.8430032804227853,0.012872287891015965,0.8421390279826465,0.012965711506256434
11,10,0.15000000000000002,12,0.8485639686684074,0.00983887398507405,0.8456901683214193,0.011791464927744513,0.84497157249459,0.012085216836213188,0.8435583376900999,0.012307913081874467,0.8456901683214193,0.011791464927744513,0.84497157249459,0.012085216836213188,0.8435583376900999,0.012307913081874467,0.8456901683214193,0.011791464927744513,0.84497157249459,0.012085216836213188,0.8435583376900999,0.012307913081874467,0.8456901683214193,0.011791464927744513,0.84497157249459,0.012085216836213188,0.8435583376900999,0.012307913081874467,0.8456901683214193,0.011791464927744513,0.84497157249459,0.012085216836213188,0.8435583376900999,0.012307913081874467,0.8456901683214193,0.011791464927744513,0.84497157249459,0.012085216836213188,0.8435583376900999,0.012307913081874467,0.8456901683214193,0.011791464927744513,0.84497157249459,0.012085216836213188,0.8435583376900999,0.012307913081874467
12,10,0.2,3,0.7237597911227154,0.014667960214295698,0.7197991018153606,0.010670591745667578,0.7186928752043921,0.01188865190067995,0.713747694794858,0.012297252568729426,0.7197991018153606,0.010670591745667578,0.7186928752043921,0.01188865190067995,0.713747694794858,0.012297252568729426,0.7197991018153606,0.010670591745667578,0.7186928752043921,0.01188865190067995,0.713747694794858,0.012297252568729426,0.7197991018153606,0.010670591745667578,0.7186928752043921,0.01188865190067995,0.713747694794858,0.012297252568729426,0.7197991018153606,0.010670591745667578,0.7186928752043921,0.01188865190067995,0.713747694794858,0.012297252568729426,0.7197991018153606,0.010670591745667578,0.7186928752043921,0.01188865190067995,0.713747694794858,0.012297252568729426,0.7197991018153606,0.010670591745667578,0.7186928752043921,0.01188865190067995,0.713747694794858,0.012297252568729426
13,10,0.2,6,0.827154046997389,0.013806061688148604,0.8256846953550282,0.015343176196686795,0.8216366758581074,0.016637059901415924,0.8218221624776184,0.016288345036878732,0.8256846953550282,0.015343176196686795,0.8216366758581074,0.016637059901415924,0.8218221624776184,0.016288345036878732,0.8256846953550282,0.015343176196686795,0.8216366758581074,0.016637059901415924,0.8218221624776184,0.016288345036878732,0.8256846953550282,0.015343176196686795,0.8216366758581074,0.016637059901415924,0.8218221624776184,0.016288345036878732,0.8256846953550282,0.015343176196686795,0.8216366758581074,0.016637059901415924,0.8218221624776184,0.016288345036878732,0.8256846953550282,0.015343176196686795,0.8216366758581074,0.016637059901415924,0.8218221624776184,0.016288345036878732,0.8256846953550282,0.015343176196686795,0.8216366758581074,0.016637059901415924,0.8218221624776184,0.016288345036878732
14,10,0.2,9,0.8503916449086162,0.014398240917976222,0.8468001224586894,0.01844184984889649,0.8451964891455177,0.01839228573683006,0.8446361165643992,0.018770731751163786,0.8468001224586894,0.01844184984889649,0.8451964891455177,0.01839228573683006,0.8446361165643992,0.018770731751163786,0.8468001224586894,0.01844184984889649,0.8451964891455177,0.01839228573683006,0.8446361165643992,0.018770731751163786,0.8468001224586894,0.01844184984889649,0.8451964891455177,0.01839228573683006,0.8446361165643992,0.018770731751163786,0.8468001224586894,0.01844184984889649,0.8451964891455177,0.01839228573683006,0.8446361165643992,0.018770731751163786,0.8468001224586894,0.01844184984889649,0.8451964891455177,0.01839228573683006,0.8446361165643992,0.018770731751163786,0.8468001224586894,0.01844184984889649,0.8451964891455177,0.01839228573683006,0.8446361165643992,0.018770731751163786
15,10,0.2,12,0.8490861618798956,0.011065075770452787,0.8448162736972504,0.014184560033553327,0.8451294003173011,0.014127746533023821,0.8436299382828224,0.014341216667076478,0.8448162736972504,0.014184560033553327,0.8451294003173011,0.014127746533023821,0.8436299382828224,0.014341216667076478,0.8448162736972504,0.014184560033553327,0.8451294003173011,0.014127746533023821,0.8436299382828224,0.014341216667076478,0.8448162736972504,0.014184560033553327,0.8451294003173011,0.014127746533023821,0.8436299382828224,0.014341216667076478,0.8448162736972504,0.014184560033553327,0.8451294003173011,0.014127746533023821,0.8436299382828224,0.014341216667076478,0.8448162736972504,0.014184560033553327,0.8451294003173011,0.014127746533023821,0.8436299382828224,0.014341216667076478,0.8448162736972504,0.014184560033553327,0.8451294003173011,0.014127746533023821,0.8436299382828224,0.014341216667076478
16,100,0.05,3,0.7968668407310705,0.01777759219900699,0.7968157951613277,0.019246506709117997,0.7917431144893429,0.022312602840992863,0.7908453740155289,0.021475880598963482,0.7968157951613277,0.019246506709117997,0.7917431144893429,0.022312602840992863,0.7908453740155289,0.021475880598963482,0.7968157951613277,0.019246506709117997,0.7917431144893429,0.022312602840992863,0.7908453740155289,0.021475880598963482,0.7968157951613277,0.019246506709117997,0.7917431144893429,0.022312602840992863,0.7908453740155289,0.021475880598963482,0.7968157951613277,0.019246506709117997,0.7917431144893429,0.022312602840992863,0.7908453740155289,0.021475880598963482,0.7968157951613277,0.019246506709117997,0.7917431144893429,0.022312602840992863,0.7908453740155289,0.021475880598963482,0.7968157951613277,0.019246506709117997,0.7917431144893429,0.022312602840992863,0.7908453740155289,0.021475880598963482
17,100,0.05,6,0.851958224543081,0.012304826807256575,0.8501549959278721,0.013087680181959492,0.8468257456954834,0.015425360289760721,0.8470197503630388,0.015000771417220263,0.8501549959278721,0.013087680181959492,0.8468257456954834,0.015425360289760721,0.8470197503630388,0.015000771417220263,0.8501549959278721,0.013087680181959492,0.8468257456954834,0.015425360289760721,0.8470197503630388,0.015000771417220263,0.8501549959278721,0.013087680181959492,0.8468257456954834,0.015425360289760721,0.8470197503630388,0.015000771417220263,0.8501549959278721,0.013087680181959492,0.8468257456954834,0.015425360289760721,0.8470197503630388,0.015000771417220263,0.8501549959278721,0.013087680181959492,0.8468257456954834,0.015425360289760721,0.8470197503630388,0.015000771417220263,0.8501549959278721,0.013087680181959492,0.8468257456954834,0.015425360289760721,0.8470197503630388,0.015000771417220263
18,100,0.05,9,0.8616187989556137,0.012357346805429992,0.8599945751426332,0.014283180719510114,0.8573285974483668,0.01504602651901721,0.8569032471412046,0.01494278562997811,0.8599945751426332,0.014283180719510114,0.8573285974483668,0.01504602651901721,0.8569032471412046,0.01494278562997811,0.8599945751426332,0.014283180719510114,0.8573285974483668,0.01504602651901721,0.8569032471412046,0.01494278562997811,0.8599945751426332,0.014283180719510114,0.8573285974483668,0.01504602651901721,0.8569032471412046,0.01494278562997811,0.8599945751426332,0.014283180719510114,0.8573285974483668,0.01504602651901721,0.8569032471412046,0.01494278562997811,0.8599945751426332,0.014283180719510114,0.8573285974483668,0.01504602651901721,0.8569032471412046,0.01494278562997811,0.8599945751426332,0.014283180719510114,0.8573285974483668,0.01504602651901721,0.8569032471412046,0.01494278562997811
19,100,0.05,12,0.8616187989556137,0.010573606648207093,0.8591846879673071,0.012312342308972423,0.8577109593536762,0.012858205403465526,0.8570676586492461,0.012708554937456063,0.8591846879673071,0.012312342308972423,0.8577109593536762,0.012858205403465526,0.8570676586492461,0.012708554937456063,0.8591846879673071,0.012312342308972423,0.8577109593536762,0.012858205403465526,0.8570676586492461,0.012708554937456063,0.8591846879673071,0.012312342308972423,0.8577109593536762,0.012858205403465526,0.8570676586492461,0.012708554937456063,0.8591846879673071,0.012312342308972423,0.8577109593536762,0.012858205403465526,0.8570676586492461,0.012708554937456063,0.8591846879673071,0.012312342308972423,0.8577109593536762,0.012858205403465526,0.8570676586492461,0.012708554937456063,0.8591846879673071,0.012312342308972423,0.8577109593536762,0.012858205403465526,0.8570676586492461,0.012708554937456063
20,100,0.1,3,0.8399477806788511,0.015136849128601295,0.8396121603026234,0.017248927214045282,0.835297390341956,0.018652082822824503,0.8351732356105229,0.01841398067844337,0.8396121603026234,0.017248927214045282,0.835297390341956,0.018652082822824503,0.8351732356105229,0.01841398067844337,0.8396121603026234,0.017248927214045282,0.835297390341956,0.018652082822824503,0.8351732356105229,0.01841398067844337,0.8396121603026234,0.017248927214045282,0.835297390341956,0.018652082822824503,0.8351732356105229,0.01841398067844337,0.8396121603026234,0.017248927214045282,0.835297390341956,0.018652082822824503,0.8351732356105229,0.01841398067844337,0.8396121603026234,0.017248927214045282,0.835297390341956,0.018652082822824503,0.8351732356105229,0.01841398067844337,0.8396121603026234,0.017248927214045282,0.835297390341956,0.018652082822824503,0.8351732356105229,0.01841398067844337
21,100,0.1,6,0.8678851174934726,0.013526719422442409,0.8663162151100631,0.01515843347516307,0.863973607618718,0.016088918784754647,0.8637570608594404,0.015775597890456673,0.8663162151100631,0.01515843347516307,0.863973607618718,0.016088918784754647,0.8637570608594404,0.015775597890456673,0.8663162151100631,0.01515843347516307,0.863973607618718,0.016088918784754647,0.8637570608594404,0.015775597890456673,0.8663162151100631,0.01515843347516307,0.863973607618718,0.016088918784754647,0.8637570608594404,0.015775597890456673,0.8663162151100631,0.01515843347516307,0.863973607618718,0.016088918784754647,0.8637570608594404,0.015775597890456673,0.8663162151100631,0.01515843347516307,0.863973607618718,0.016088918784754647,0.8637570608594404,0.015775597890456673,0.8663162151100631,0.01515843347516307,0.863973607618718,0.016088918784754647,0.8637570608594404,0.015775597890456673
22,100,0.1,9,0.8647519582245431,0.013303121882879373,0.8624998131442126,0.016521221294036093,0.8609729108565516,0.01604163856383191,0.8601216948304593,0.01594108183225818,0.8624998131442126,0.016521221294036093,0.8609729108565516,0.01604163856383191,0.8601216948304593,0.01594108183225818,0.8624998131442126,0.016521221294036093,0.8609729108565516,0.01604163856383191,0.8601216948304593,0.01594108183225818,0.8624998131442126,0.016521221294036093,0.8609729108565516,0.01604163856383191,0.8601216948304593,0.01594108183225818,0.8624998131442126,0.016521221294036093,0.8609729108565516,0.01604163856383191,0.8601216948304593,0.01594108183225818,0.8624998131442126,0.016521221294036093,0.8609729108565516,0.01604163856383191,0.8601216948304593,0.01594108183225818,0.8624998131442126,0.016521221294036093,0.8609729108565516,0.01604163856383191,0.8601216948304593,0.01594108183225818
23,100,0.1,12,0.8616187989556134,0.008173616627936574,0.8587494386512355,0.011120957704282243,0.8576134908377275,0.011334605257950168,0.8568484128570724,0.011107602214840633,0.8587494386512355,0.011120957704282243,0.8576134908377275,0.011334605257950168,0.8568484128570724,0.011107602214840633,0.8587494386512355,0.011120957704282243,0.8576134908377275,0.011334605257950168,0.8568484128570724,0.011107602214840633,0.8587494386512355,0.011120957704282243,0.8576134908377275,0.011334605257950168,0.8568484128570724,0.011107602214840633,0.8587494386512355,0.011120957704282243,0.8576134908377275,0.011334605257950168,0.8568484128570724,0.011107602214840633,0.8587494386512355,0.011120957704282243,0.8576134908377275,0.011334605257950168,0.8568484128570724,0.011107602214840633,0.8587494386512355,0.011120957704282243,0.8576134908377275,0.011334605257950168,0.8568484128570724,0.011107602214840633
24,100,0.15000000000000002,3,0.8480417754569191,0.01462140992167101,0.847621787393229,0.01738885640083547,0.8431051706320207,0.017339887771369637,0.8434485793231931,0.017136097415097952,0.847621787393229,0.01738885640083547,0.8431051706320207,0.017339887771369637,0.8434485793231931,0.017136097415097952,0.847621787393229,0.01738885640083547,0.8431051706320207,0.017339887771369637,0.8434485793231931,0.017136097415097952,0.847621787393229,0.01738885640083547,0.8431051706320207,0.017339887771369637,0.8434485793231931,0.017136097415097952,0.847621787393229,0.01738885640083547,0.8431051706320207,0.017339887771369637,0.8434485793231931,0.017136097415097952,0.847621787393229,0.01738885640083547,0.8431051706320207,0.017339887771369637,0.8434485793231931,0.017136097415097952,0.847621787393229,0.01738885640083547,0.8431051706320207,0.017339887771369637,0.8434485793231931,0.017136097415097952
25,100,0.15000000000000002,6,0.8699738903394255,0.015035174985783781,0.8682485141431309,0.01689217605846186,0.8659958210045445,0.016650794106798327,0.8657643718568254,0.016641956588057897,0.8682485141431309,0.01689217605846186,0.8659958210045445,0.016650794106798327,0.8657643718568254,0.016641956588057897,0.8682485141431309,0.01689217605846186,0.8659958210045445,0.016650794106798327,0.8657643718568254,0.016641956588057897,0.8682485141431309,0.01689217605846186,0.8659958210045445,0.016650794106798327,0.8657643718568254,0.016641956588057897,0.8682485141431309,0.01689217605846186,0.8659958210045445,0.016650794106798327,0.8657643718568254,0.016641956588057897,0.8682485141431309,0.01689217605846186,0.8659958210045445,0.016650794106798327,0.8657643718568254,0.016641956588057897,0.8682485141431309,0.01689217605846186,0.8659958210045445,0.016650794106798327,0.8657643718568254,0.016641956588057897
26,100,0.15000000000000002,9,0.8644908616187991,0.01053808672094548,0.8627534161595379,0.013536185074747593,0.8603195413406933,0.013630033006246468,0.8598131456483324,0.013259164368668816,0.8627534161595379,0.013536185074747593,0.8603195413406933,0.013630033006246468,0.8598131456483324,0.013259164368668816,0.8627534161595379,0.013536185074747593,0.8603195413406933,0.013630033006246468,0.8598131456483324,0.013259164368668816,0.8627534161595379,0.013536185074747593,0.8603195413406933,0.013630033006246468,0.8598131456483324,0.013259164368668816,0.8627534161595379,0.013536185074747593,0.8603195413406933,0.013630033006246468,0.8598131456483324,0.013259164368668816,0.8627534161595379,0.013536185074747593,0.8603195413406933,0.013630033006246468,0.8598131456483324,0.013259164368668816,0.8627534161595379,0.013536185074747593,0.8603195413406933,0.013630033006246468,0.8598131456483324,0.013259164368668816
27,100,0.15000000000000002,12,0.8608355091383812,0.009271687156430666,0.8574940033410499,0.012368069925452842,0.8564183405207719,0.011984610145826628,0.8555775151542975,0.01201533393268232,0.8574940033410499,0.012368069925452842,0.8564183405207719,0.011984610145826628,0.8555775151542975,0.01201533393268232,0.8574940033410499,0.012368069925452842,0.8564183405207719,0.011984610145826628,0.8555775151542975,0.01201533393268232,0.8574940033410499,0.012368069925452842,0.8564183405207719,0.011984610145826628,0.8555775151542975,0.01201533393268232,0.8574940033410499,0.012368069925452842,0.8564183405207719,0.011984610145826628,0.8555775151542975,0.01201533393268232,0.8574940033410499,0.012368069925452842,0.8564183405207719,0.011984610145826628,0.8555775151542975,0.01201533393268232,0.8574940033410499,0.012368069925452842,0.8564183405207719,0.011984610145826628,0.8555775151542975,0.01201533393268232
28,100,0.2,3,0.8582245430809399,0.009271687156430657,0.8567491946736905,0.013033746469146344,0.8533295031991859,0.012973786946685146,0.8535548642743439,0.012860529476738334,0.8567491946736905,0.013033746469146344,0.8533295031991859,0.012973786946685146,0.8535548642743439,0.012860529476738334,0.8567491946736905,0.013033746469146344,0.8533295031991859,0.012973786946685146,0.8535548642743439,0.012860529476738334,0.8567491946736905,0.013033746469146344,0.8533295031991859,0.012973786946685146,0.8535548642743439,0.012860529476738334,0.8567491946736905,0.013033746469146344,0.8533295031991859,0.012973786946685146,0.8535548642743439,0.012860529476738334,0.8567491946736905,0.013033746469146344,0.8533295031991859,0.012973786946685146,0.8535548642743439,0.012860529476738334,0.8567491946736905,0.013033746469146344,0.8533295031991859,0.012973786946685146,0.8535548642743439,0.012860529476738334
29,100,0.2,6,0.8697127937336813,0.009227465820925493,0.8684850844337827,0.01222070316762694,0.866149384119488,0.012721992025506904,0.8656276488975543,0.012444837479193538,0.8684850844337827,0.01222070316762694,0.866149384119488,0.012721992025506904,0.8656276488975543,0.012444837479193538,0.8684850844337827,0.01222070316762694,0.866149384119488,0.012721992025506904,0.8656276488975543,0.012444837479193538,0.8684850844337827,0.01222070316762694,0.866149384119488,0.012721992025506904,0.8656276488975543,0.012444837479193538,0.8684850844337827,0.01222070316762694,0.866149384119488,0.012721992025506904,0.8656276488975543,0.012444837479193538,0.8684850844337827,0.01222070316762694,0.866149384119488,0.012721992025506904,0.8656276488975543,0.012444837479193538,0.8684850844337827,0.01222070316762694,0.866149384119488,0.012721992025506904,0.8656276488975543,0.012444837479193538
30,100,0.2,9,0.8652741514360314,0.015543473698315647,0.8631711307611389,0.017086539039523754,0.8615161270462839,0.018702380817275755,0.860830816919248,0.018125574920101795,0.8631711307611389,0.017086539039523754,0.8615161270462839,0.018702380817275755,0.860830816919248,0.018125574920101795,0.8631711307611389,0.017086539039523754,0.8615161270462839,0.018702380817275755,0.860830816919248,0.018125574920101795,0.8631711307611389,0.017086539039523754,0.8615161270462839,0.018702380817275755,0.860830816919248,0.018125574920101795,0.8631711307611389,0.017086539039523754,0.8615161270462839,0.018702380817275755,0.860830816919248,0.018125574920101795,0.8631711307611389,0.017086539039523754,0.8615161270462839,0.018702380817275755,0.860830816919248,0.018125574920101795,0.8631711307611389,0.017086539039523754,0.8615161270462839,0.018702380817275755,0.860830816919248,0.018125574920101795
31,100,0.2,12,0.8644908616187991,0.009078505822827005,0.8612667096300697,0.01187553595009575,0.8603530455620982,0.012502141766397702,0.8595458681429944,0.012264100615557253,0.8612667096300697,0.01187553595009575,0.8603530455620982,0.012502141766397702,0.8595458681429944,0.012264100615557253,0.8612667096300697,0.01187553595009575,0.8603530455620982,0.012502141766397702,0.8595458681429944,0.012264100615557253,0.8612667096300697,0.01187553595009575,0.8603530455620982,0.012502141766397702,0.8595458681429944,0.012264100615557253,0.8612667096300697,0.01187553595009575,0.8603530455620982,0.012502141766397702,0.8595458681429944,0.012264100615557253,0.8612667096300697,0.01187553595009575,0.8603530455620982,0.012502141766397702,0.8595458681429944,0.012264100615557253,0.8612667096300697,0.01187553595009575,0.8603530455620982,0.012502141766397702,0.8595458681429944,0.012264100615557253
32,1000,0.05,3,0.8676240208877284,0.011263527211552484,0.8665683965797996,0.011697834112670481,0.864312304944989,0.012729648479638481,0.8639178452585906,0.012149382174565898,0.8665683965797996,0.011697834112670481,0.864312304944989,0.012729648479638481,0.8639178452585906,0.012149382174565898,0.8665683965797996,0.011697834112670481,0.864312304944989,0.012729648479638481,0.8639178452585906,0.012149382174565898,0.8665683965797996,0.011697834112670481,0.864312304944989,0.012729648479638481,0.8639178452585906,0.012149382174565898,0.8665683965797996,0.011697834112670481,0.864312304944989,0.012729648479638481,0.8639178452585906,0.012149382174565898,0.8665683965797996,0.011697834112670481,0.864312304944989,0.012729648479638481,0.8639178452585906,0.012149382174565898,0.8665683965797996,0.011697834112670481,0.864312304944989,0.012729648479638481,0.8639178452585906,0.012149382174565898
33,1000,0.05,6,0.8676240208877285,0.014445510384984924,0.8658777356469907,0.016501810198110502,0.8636034420945096,0.018320699586971384,0.8630986407613987,0.01773818534300251,0.8658777356469907,0.016501810198110502,0.8636034420945096,0.018320699586971384,0.8630986407613987,0.01773818534300251,0.8658777356469907,0.016501810198110502,0.8636034420945096,0.018320699586971384,0.8630986407613987,0.01773818534300251,0.8658777356469907,0.016501810198110502,0.8636034420945096,0.018320699586971384,0.8630986407613987,0.01773818534300251,0.8658777356469907,0.016501810198110502,0.8636034420945096,0.018320699586971384,0.8630986407613987,0.01773818534300251,0.8658777356469907,0.016501810198110502,0.8636034420945096,0.018320699586971384,0.8630986407613987,0.01773818534300251,0.8658777356469907,0.016501810198110502,0.8636034420945096,0.018320699586971384,0.8630986407613987,0.01773818534300251
34,1000,0.05,9,0.8657963446475195,0.012089646895864458,0.8634362958639992,0.014336700472978008,0.861647866169692,0.01584363365677884,0.861068839435525,0.01512417419454818,0.8634362958639992,0.014336700472978008,0.861647866169692,0.01584363365677884,0.861068839435525,0.01512417419454818,0.8634362958639992,0.014336700472978008,0.861647866169692,0.01584363365677884,0.861068839435525,0.01512417419454818,0.8634362958639992,0.014336700472978008,0.861647866169692,0.01584363365677884,0.861068839435525,0.01512417419454818,0.8634362958639992,0.014336700472978008,0.861647866169692,0.01584363365677884,0.861068839435525,0.01512417419454818,0.8634362958639992,0.014336700472978008,0.861647866169692,0.01584363365677884,0.861068839435525,0.01512417419454818,0.8634362958639992,0.014336700472978008,0.861647866169692,0.01584363365677884,0.861068839435525,0.01512417419454818
35,1000,0.05,12,0.8634464751958225,0.011018771721153627,0.861273187286919,0.012144731817286362,0.8595006879960149,0.012859213490152881,0.8588274851694772,0.012764747765769774,0.861273187286919,0.012144731817286362,0.8595006879960149,0.012859213490152881,0.8588274851694772,0.012764747765769774,0.861273187286919,0.012144731817286362,0.8595006879960149,0.012859213490152881,0.8588274851694772,0.012764747765769774,0.861273187286919,0.012144731817286362,0.8595006879960149,0.012859213490152881,0.8588274851694772,0.012764747765769774,0.861273187286919,0.012144731817286362,0.8595006879960149,0.012859213490152881,0.8588274851694772,0.012764747765769774,0.861273187286919,0.012144731817286362,0.8595006879960149,0.012859213490152881,0.8588274851694772,0.012764747765769774,0.861273187286919,0.012144731817286362,0.8595006879960149,0.012859213490152881,0.8588274851694772,0.012764747765769774
36,1000,0.1,3,0.8652741514360314,0.01367707660961755,0.8640496858535218,0.014194350902899472,0.8610961713168022,0.015657742800430342,0.8608762990181962,0.014996061711807661,0.8640496858535218,0.014194350902899472,0.8610961713168022,0.015657742800430342,0.8608762990181962,0.014996061711807661,0.8640496858535218,0.014194350902899472,0.8610961713168022,0.015657742800430342,0.8608762990181962,0.014996061711807661,0.8640496858535218,0.014194350902899472,0.8610961713168022,0.015657742800430342,0.8608762990181962,0.014996061711807661,0.8640496858535218,0.014194350902899472,0.8610961713168022,0.015657742800430342,0.8608762990181962,0.014996061711807661,0.8640496858535218,0.014194350902899472,0.8610961713168022,0.015657742800430342,0.8608762990181962,0.014996061711807661,0.8640496858535218,0.014194350902899472,0.8610961713168022,0.015657742800430342,0.8608762990181962,0.014996061711807661
37,1000,0.1,6,0.8676240208877284,0.010831576246836314,0.8660302133915032,0.012261408668030218,0.864357023022546,0.01309985280560486,0.8634435073276983,0.012721979001518972,0.8660302133915032,0.012261408668030218,0.864357023022546,0.01309985280560486,0.8634435073276983,0.012721979001518972,0.8660302133915032,0.012261408668030218,0.864357023022546,0.01309985280560486,0.8634435073276983,0.012721979001518972,0.8660302133915032,0.012261408668030218,0.864357023022546,0.01309985280560486,0.8634435073276983,0.012721979001518972,0.8660302133915032,0.012261408668030218,0.864357023022546,0.01309985280560486,0.8634435073276983,0.012721979001518972,0.8660302133915032,0.012261408668030218,0.864357023022546,0.01309985280560486,0.8634435073276983,0.012721979001518972,0.8660302133915032,0.012261408668030218,0.864357023022546,0.01309985280560486,0.8634435073276983,0.012721979001518972
38,1000,0.1,9,0.8686684073107049,0.009344924369803276,0.8662469031302562,0.011105717428867127,0.8649565169544713,0.012499288697518962,0.864197358692668,0.012063189363233211,0.8662469031302562,0.011105717428867127,0.8649565169544713,0.012499288697518962,0.864197358692668,0.012063189363233211,0.8662469031302562,0.011105717428867127,0.8649565169544713,0.012499288697518962,0.864197358692668,0.012063189363233211,0.8662469031302562,0.011105717428867127,0.8649565169544713,0.012499288697518962,0.864197358692668,0.012063189363233211,0.8662469031302562,0.011105717428867127,0.8649565169544713,0.012499288697518962,0.864197358692668,0.012063189363233211,0.8662469031302562,0.011105717428867127,0.8649565169544713,0.012499288697518962,0.864197358692668,0.012063189363233211,0.8662469031302562,0.011105717428867127,0.8649565169544713,0.012499288697518962,0.864197358692668,0.012063189363233211
39,1000,0.1,12,0.8671018276762401,0.012215861686986521,0.8645225047768672,0.01267776272866712,0.8629215781909387,0.013196542786480124,0.8623346557799426,0.012938422726773547,0.8645225047768672,0.01267776272866712,0.8629215781909387,0.013196542786480124,0.8623346557799426,0.012938422726773547,0.8645225047768672,0.01267776272866712,0.8629215781909387,0.013196542786480124,0.8623346557799426,0.012938422726773547,0.8645225047768672,0.01267776272866712,0.8629215781909387,0.013196542786480124,0.8623346557799426,0.012938422726773547,0.8645225047768672,0.01267776272866712,0.8629215781909387,0.013196542786480124,0.8623346557799426,0.012938422726773547,0.8645225047768672,0.01267776272866712,0.8629215781909387,0.013196542786480124,0.8623346557799426,0.012938422726773547,0.8645225047768672,0.01267776272866712,0.8629215781909387,0.013196542786480124,0.8623346557799426,0.012938422726773547
40,1000,0.15000000000000002,3,0.8657963446475196,0.013425545829955575,0.8647861936748253,0.013940937875497153,0.8622774783540503,0.015184047057796737,0.8617172898419538,0.014785622673355857,0.8647861936748253,0.013940937875497153,0.8622774783540503,0.015184047057796737,0.8617172898419538,0.014785622673355857,0.8647861936748253,0.013940937875497153,0.8622774783540503,0.015184047057796737,0.8617172898419538,0.014785622673355857,0.8647861936748253,0.013940937875497153,0.8622774783540503,0.015184047057796737,0.8617172898419538,0.014785622673355857,0.8647861936748253,0.013940937875497153,0.8622774783540503,0.015184047057796737,0.8617172898419538,0.014785622673355857,0.8647861936748253,0.013940937875497153,0.8622774783540503,0.015184047057796737,0.8617172898419538,0.014785622673355857,0.8647861936748253,0.013940937875497153,0.8622774783540503,0.015184047057796737,0.8617172898419538,0.014785622673355857
41,1000,0.15000000000000002,6,0.870757180156658,0.009359503043830252,0.8690603154520771,0.010135632827254316,0.8673605302192792,0.01138636131634665,0.8665969760859277,0.01081510555656382,0.8690603154520771,0.010135632827254316,0.8673605302192792,0.01138636131634665,0.8665969760859277,0.01081510555656382,0.8690603154520771,0.010135632827254316,0.8673605302192792,0.01138636131634665,0.8665969760859277,0.01081510555656382,0.8690603154520771,0.010135632827254316,0.8673605302192792,0.01138636131634665,0.8665969760859277,0.01081510555656382,0.8690603154520771,0.010135632827254316,0.8673605302192792,0.01138636131634665,0.8665969760859277,0.01081510555656382,0.8690603154520771,0.010135632827254316,0.8673605302192792,0.01138636131634665,0.8665969760859277,0.01081510555656382,0.8690603154520771,0.010135632827254316,0.8673605302192792,0.01138636131634665,0.8665969760859277,0.01081510555656382
42,1000,0.15000000000000002,9,0.8691906005221932,0.01079374757628951,0.866522459392067,0.012504154346535777,0.8649753540075507,0.013170233574987242,0.8644116935082046,0.012892131401327143,0.866522459392067,0.012504154346535777,0.8649753540075507,0.013170233574987242,0.8644116935082046,0.012892131401327143,0.866522459392067,0.012504154346535777,0.8649753540075507,0.013170233574987242,0.8644116935082046,0.012892131401327143,0.866522459392067,0.012504154346535777,0.8649753540075507,0.013170233574987242,0.8644116935082046,0.012892131401327143,0.866522459392067,0.012504154346535777,0.8649753540075507,0.013170233574987242,0.8644116935082046,0.012892131401327143,0.866522459392067,0.012504154346535777,0.8649753540075507,0.013170233574987242,0.8644116935082046,0.012892131401327143,0.866522459392067,0.012504154346535777,0.8649753540075507,0.013170233574987242,0.8644116935082046,0.012892131401327143
43,1000,0.15000000000000002,12,0.8671018276762401,0.009730885197694104,0.8643523767091686,0.011883135122220964,0.8631632756360446,0.012521497563555216,0.8623035693503635,0.01229205575447573,0.8643523767091686,0.011883135122220964,0.8631632756360446,0.012521497563555216,0.8623035693503635,0.01229205575447573,0.8643523767091686,0.011883135122220964,0.8631632756360446,0.012521497563555216,0.8623035693503635,0.01229205575447573,0.8643523767091686,0.011883135122220964,0.8631632756360446,0.012521497563555216,0.8623035693503635,0.01229205575447573,0.8643523767091686,0.011883135122220964,0.8631632756360446,0.012521497563555216,0.8623035693503635,0.01229205575447573,0.8643523767091686,0.011883135122220964,0.8631632756360446,0.012521497563555216,0.8623035693503635,0.01229205575447573,0.8643523767091686,0.011883135122220964,0.8631632756360446,0.012521497563555216,0.8623035693503635,0.01229205575447573
44,1000,0.2,3,0.8673629242819842,0.013756595166913304,0.8659738126331057,0.015189104573950543,0.8635666040561457,0.016516414505602553,0.8628787880193535,0.015929749470552996,0.8659738126331057,0.015189104573950543,0.8635666040561457,0.016516414505602553,0.8628787880193535,0.015929749470552996,0.8659738126331057,0.015189104573950543,0.8635666040561457,0.016516414505602553,0.8628787880193535,0.015929749470552996,0.8659738126331057,0.015189104573950543,0.8635666040561457,0.016516414505602553,0.8628787880193535,0.015929749470552996,0.8659738126331057,0.015189104573950543,0.8635666040561457,0.016516414505602553,0.8628787880193535,0.015929749470552996,0.8659738126331057,0.015189104573950543,0.8635666040561457,0.016516414505602553,0.8628787880193535,0.015929749470552996,0.8659738126331057,0.015189104573950543,0.8635666040561457,0.016516414505602553,0.8628787880193535,0.015929749470552996
45,1000,0.2,6,0.8728459530026109,0.009561270717284895,0.8711207250211134,0.011238287260289892,0.8696530216413466,0.011716911750345553,0.8686736666047686,0.011332225417111255,0.8711207250211134,0.011238287260289892,0.8696530216413466,0.011716911750345553,0.8686736666047686,0.011332225417111255,0.8711207250211134,0.011238287260289892,0.8696530216413466,0.011716911750345553,0.8686736666047686,0.011332225417111255,0.8711207250211134,0.011238287260289892,0.8696530216413466,0.011716911750345553,0.8686736666047686,0.011332225417111255,0.8711207250211134,0.011238287260289892,0.8696530216413466,0.011716911750345553,0.8686736666047686,0.011332225417111255,0.8711207250211134,0.011238287260289892,0.8696530216413466,0.011716911750345553,0.8686736666047686,0.011332225417111255,0.8711207250211134,0.011238287260289892,0.8696530216413466,0.011716911750345553,0.8686736666047686,0.011332225417111255
46,1000,0.2,9,0.8681462140992167,0.011154051886837517,0.8659975463765056,0.011965091674430564,0.8642988123174433,0.01357822286440033,0.8636093876958257,0.013086044150904379,0.8659975463765056,0.011965091674430564,0.8642988123174433,0.01357822286440033,0.8636093876958257,0.013086044150904379,0.8659975463765056,0.011965091674430564,0.8642988123174433,0.01357822286440033,0.8636093876958257,0.013086044150904379,0.8659975463765056,0.011965091674430564,0.8642988123174433,0.01357822286440033,0.8636093876958257,0.013086044150904379,0.8659975463765056,0.011965091674430564,0.8642988123174433,0.01357822286440033,0.8636093876958257,0.013086044150904379,0.8659975463765056,0.011965091674430564,0.8642988123174433,0.01357822286440033,0.8636093876958257,0.013086044150904379,0.8659975463765056,0.011965091674430564,0.8642988123174433,0.01357822286440033,0.8636093876958257,0.013086044150904379
47,1000,0.2,12,0.8660574412532638,0.008663530038139446,0.8633467285192525,0.010065059113880956,0.8621262760798507,0.010922327393432213,0.8612924519671259,0.01063437437826506,0.8633467285192525,0.010065059113880956,0.8621262760798507,0.010922327393432213,0.8612924519671259,0.01063437437826506,0.8633467285192525,0.010065059113880956,0.8621262760798507,0.010922327393432213,0.8612924519671259,0.01063437437826506,0.8633467285192525,0.010065059113880956,0.8621262760798507,0.010922327393432213,0.8612924519671259,0.01063437437826506,0.8633467285192525,0.010065059113880956,0.8621262760798507,0.010922327393432213,0.8612924519671259,0.01063437437826506,0.8633467285192525,0.010065059113880956,0.8621262760798507,0.010922327393432213,0.8612924519671259,0.01063437437826506,0.8633467285192525,0.010065059113880956,0.8621262760798507,0.010922327393432213,0.8612924519671259,0.01063437437826506
